-- Database Dump
-- Generated by export_data.js

BEGIN;

-- Clean existing data
TRUNCATE TABLE products, customers, suppliers, supplier_products, sales, sale_items, purchases, purchase_items, inventory_movements, claims, surveys RESTART IDENTITY CASCADE;

-- Data for products
INSERT INTO products (id, name, price, cost, stock, minstock, category, image) VALUES (19, 'Lámpara Gas', 95, 60, 8, 5, 'Camping', 'https://images.unsplash.com/photo-1504805572947-34fad45aed93?w=500&q=80');
INSERT INTO products (id, name, price, cost, stock, minstock, category, image) VALUES (20, 'Cuerda Escalada 60m', 650, 450, 9, 2, 'Escalada', 'https://images.unsplash.com/photo-1526401485004-46910ecc8e51?w=500&q=80');
INSERT INTO products (id, name, price, cost, stock, minstock, category, image) VALUES (1, 'Carpa 4 Personas', 250, 180, 13, 5, 'Camping', 'https://images.unsplash.com/photo-1504280390367-361c6d9f38f4?w=500&q=80');
INSERT INTO products (id, name, price, cost, stock, minstock, category, image) VALUES (2, 'Saco de Dormir', 120, 80, 20, 8, 'Camping', 'https://images.unsplash.com/photo-1517841905240-472988babdf9?w=500&q=80');
INSERT INTO products (id, name, price, cost, stock, minstock, category, image) VALUES (3, 'Linterna LED', 45, 25, 38, 15, 'Accesorios', 'https://images.unsplash.com/photo-1504805572947-34fad45aed93?w=500&q=80');
INSERT INTO products (id, name, price, cost, stock, minstock, category, image) VALUES (4, 'Mochila Trekking', 180, 120, 18, 3, 'Trekking', 'https://images.unsplash.com/photo-1553062407-98eeb64c6a62?w=500&q=80');
INSERT INTO products (id, name, price, cost, stock, minstock, category, image) VALUES (5, 'Botas Trekking', 280, 200, 14, 4, 'Calzado', 'https://images.unsplash.com/photo-1542291026-7eec264c27ff?w=500&q=80');
INSERT INTO products (id, name, price, cost, stock, minstock, category, image) VALUES (6, 'Casaca Térmica', 350, 250, 21, 2, 'Ropa', 'https://images.unsplash.com/photo-1591047139829-d91aecb6caea?w=500&q=80');
INSERT INTO products (id, name, price, cost, stock, minstock, category, image) VALUES (7, 'Mochila Hidratación', 150, 90, 19, 5, 'Trekking', 'https://images.unsplash.com/photo-1553062407-98eeb64c6a62?w=500&q=80');
INSERT INTO products (id, name, price, cost, stock, minstock, category, image) VALUES (8, 'Bastones Trekking Carbono', 220, 150, 21, 5, 'Trekking', 'https://images.unsplash.com/photo-1519904981063-b0cf448d479e?w=500&q=80');
INSERT INTO products (id, name, price, cost, stock, minstock, category, image) VALUES (9, 'Zapatillas Trail Running', 380, 250, 6, 4, 'Calzado', 'https://images.unsplash.com/photo-1542291026-7eec264c27ff?w=500&q=80');
INSERT INTO products (id, name, price, cost, stock, minstock, category, image) VALUES (10, 'Pantalón Trekking Desmontable', 180, 110, 23, 8, 'Ropa', 'https://images.unsplash.com/photo-1591047139829-d91aecb6caea?w=500&q=80');
INSERT INTO products (id, name, price, cost, stock, minstock, category, image) VALUES (11, 'Gorro Lana Merino', 60, 35, 14, 10, 'Ropa', 'https://images.unsplash.com/photo-1576871337632-b9aef4c17ab9?w=500&q=80');
INSERT INTO products (id, name, price, cost, stock, minstock, category, image) VALUES (12, 'Guantes Térmicos', 85, 50, 15, 5, 'Ropa', 'https://images.unsplash.com/photo-1582142325167-206b43d56d2e?w=500&q=80');
INSERT INTO products (id, name, price, cost, stock, minstock, category, image) VALUES (13, 'Termo Acero 1L', 90, 55, 20, 10, 'Accesorios', 'https://images.unsplash.com/photo-1602143407151-01114192003f?w=500&q=80');
INSERT INTO products (id, name, price, cost, stock, minstock, category, image) VALUES (14, 'Navaja Multiusos', 120, 75, 12, 5, 'Accesorios', 'https://images.unsplash.com/photo-1583692331507-fc0349253331?w=500&q=80');
INSERT INTO products (id, name, price, cost, stock, minstock, category, image) VALUES (15, 'Brújula Profesional', 150, 90, 23, 3, 'Accesorios', 'https://images.unsplash.com/photo-1589820296156-2454bb8a4d50?w=500&q=80');
INSERT INTO products (id, name, price, cost, stock, minstock, category, image) VALUES (16, 'Colchoneta Autoinflable', 200, 130, 11, 5, 'Camping', 'https://images.unsplash.com/photo-1523987355523-c7b5b0dd90a7?w=500&q=80');
INSERT INTO products (id, name, price, cost, stock, minstock, category, image) VALUES (17, 'Cocinilla Gas Portátil', 110, 70, 22, 6, 'Camping', 'https://images.unsplash.com/photo-1478131143081-80f7f84ca84d?w=500&q=80');
INSERT INTO products (id, name, price, cost, stock, minstock, category, image) VALUES (18, 'Set Ollas Camping', 160, 100, 6, 5, 'Camping', 'https://images.unsplash.com/photo-1478131143081-80f7f84ca84d?w=500&q=80');
INSERT INTO products (id, name, price, cost, stock, minstock, category, image) VALUES (21, 'Arnés Escalada', 280, 180, 20, 3, 'Escalada', 'https://images.unsplash.com/photo-1526401485004-46910ecc8e51?w=500&q=80');
INSERT INTO products (id, name, price, cost, stock, minstock, category, image) VALUES (22, 'Casco Escalada', 220, 140, 13, 3, 'Escalada', 'https://images.unsplash.com/photo-1526401485004-46910ecc8e51?w=500&q=80');
INSERT INTO products (id, name, price, cost, stock, minstock, category, image) VALUES (23, 'Mosquetones Set x5', 100, 60, 18, 8, 'Escalada', 'https://images.unsplash.com/photo-1526401485004-46910ecc8e51?w=500&q=80');
INSERT INTO products (id, name, price, cost, stock, minstock, category, image) VALUES (24, 'Piolet Travesía', 350, 230, 4, 2, 'Montañismo', 'https://images.unsplash.com/photo-1519904981063-b0cf448d479e?w=500&q=80');
INSERT INTO products (id, name, price, cost, stock, minstock, category, image) VALUES (25, 'Crampones', 400, 260, 7, 2, 'Montañismo', 'https://images.unsplash.com/photo-1519904981063-b0cf448d479e?w=500&q=80');
INSERT INTO products (id, name, price, cost, stock, minstock, category, image) VALUES (26, 'Gafas Glaciar', 250, 160, 21, 4, 'Montañismo', 'https://images.unsplash.com/photo-1511499767150-a48a237f0083?w=500&q=80');

-- Data for customers
INSERT INTO customers (id, name, email, phone, type, points, totalpurchases, lastvisit) VALUES (1, 'Juan Pérez', 'juan@mail.com', '999888777', 'Frecuente', 120, 1500, '2023-11-20');
INSERT INTO customers (id, name, email, phone, type, points, totalpurchases, lastvisit) VALUES (2, 'Maria Lopez', 'maria@mail.com', '999111222', 'Nuevo', 50, 300, '2023-11-22');
INSERT INTO customers (id, name, email, phone, type, points, totalpurchases, lastvisit) VALUES (3, 'Carlos Ruiz', 'carlos@mail.com', '999333444', 'Mayorista', 500, 5000, '2023-11-18');

-- Data for suppliers
INSERT INTO suppliers (id, name, ruc, contact, phone, email) VALUES (1, 'Outdoor Peru S.A.C.', '20123456789', 'Juan Perez', '987654321', 'ventas@outdoorperu.com');
INSERT INTO suppliers (id, name, ruc, contact, phone, email) VALUES (2, 'Importaciones Andinas', '20987654321', 'Maria Lopez', '912345678', 'contacto@andinas.com');
INSERT INTO suppliers (id, name, ruc, contact, phone, email) VALUES (3, 'Equipamiento Total', '20555666777', 'Pedro Gomez', '955444333', 'ventas@eqtotal.com');

-- Data for supplier_products
INSERT INTO supplier_products (id, supplierid, productid, price, stock) VALUES (1, 1, 1, 175, 48);
INSERT INTO supplier_products (id, supplierid, productid, price, stock) VALUES (2, 1, 2, 75, 48);
INSERT INTO supplier_products (id, supplierid, productid, price, stock) VALUES (3, 1, 3, 22, 40);
INSERT INTO supplier_products (id, supplierid, productid, price, stock) VALUES (4, 2, 1, 170, 15);
INSERT INTO supplier_products (id, supplierid, productid, price, stock) VALUES (5, 2, 4, 115, 51);
INSERT INTO supplier_products (id, supplierid, productid, price, stock) VALUES (6, 2, 5, 195, 21);
INSERT INTO supplier_products (id, supplierid, productid, price, stock) VALUES (8, 3, 7, 82.12, 21);
INSERT INTO supplier_products (id, supplierid, productid, price, stock) VALUES (9, 3, 8, 167.23, 46);
INSERT INTO supplier_products (id, supplierid, productid, price, stock) VALUES (10, 1, 8, 179.99, 42);
INSERT INTO supplier_products (id, supplierid, productid, price, stock) VALUES (11, 2, 8, 161.81, 59);
INSERT INTO supplier_products (id, supplierid, productid, price, stock) VALUES (12, 1, 9, 253.92, 37);
INSERT INTO supplier_products (id, supplierid, productid, price, stock) VALUES (13, 2, 9, 257.16, 30);
INSERT INTO supplier_products (id, supplierid, productid, price, stock) VALUES (14, 3, 9, 238.66, 16);
INSERT INTO supplier_products (id, supplierid, productid, price, stock) VALUES (15, 1, 10, 125.1, 29);
INSERT INTO supplier_products (id, supplierid, productid, price, stock) VALUES (16, 3, 10, 114.71, 52);
INSERT INTO supplier_products (id, supplierid, productid, price, stock) VALUES (17, 2, 10, 100.18, 42);
INSERT INTO supplier_products (id, supplierid, productid, price, stock) VALUES (18, 1, 11, 39.57, 39);
INSERT INTO supplier_products (id, supplierid, productid, price, stock) VALUES (19, 1, 12, 45.08, 37);
INSERT INTO supplier_products (id, supplierid, productid, price, stock) VALUES (20, 2, 12, 46.4, 51);
INSERT INTO supplier_products (id, supplierid, productid, price, stock) VALUES (21, 1, 13, 59.32, 15);
INSERT INTO supplier_products (id, supplierid, productid, price, stock) VALUES (22, 3, 13, 51.55, 15);
INSERT INTO supplier_products (id, supplierid, productid, price, stock) VALUES (23, 2, 13, 52.48, 26);
INSERT INTO supplier_products (id, supplierid, productid, price, stock) VALUES (24, 2, 14, 74.42, 10);
INSERT INTO supplier_products (id, supplierid, productid, price, stock) VALUES (25, 1, 15, 82.24, 38);
INSERT INTO supplier_products (id, supplierid, productid, price, stock) VALUES (26, 2, 15, 85.15, 53);
INSERT INTO supplier_products (id, supplierid, productid, price, stock) VALUES (27, 3, 15, 97.17, 29);
INSERT INTO supplier_products (id, supplierid, productid, price, stock) VALUES (28, 1, 16, 143.51, 32);
INSERT INTO supplier_products (id, supplierid, productid, price, stock) VALUES (29, 2, 16, 140.62, 21);
INSERT INTO supplier_products (id, supplierid, productid, price, stock) VALUES (30, 3, 16, 130.43, 24);
INSERT INTO supplier_products (id, supplierid, productid, price, stock) VALUES (31, 2, 17, 71.79, 59);
INSERT INTO supplier_products (id, supplierid, productid, price, stock) VALUES (32, 2, 18, 115.06, 59);
INSERT INTO supplier_products (id, supplierid, productid, price, stock) VALUES (33, 2, 19, 65.63, 45);
INSERT INTO supplier_products (id, supplierid, productid, price, stock) VALUES (34, 3, 20, 485.02, 25);
INSERT INTO supplier_products (id, supplierid, productid, price, stock) VALUES (35, 1, 20, 427.65, 22);
INSERT INTO supplier_products (id, supplierid, productid, price, stock) VALUES (36, 1, 21, 179.51, 18);
INSERT INTO supplier_products (id, supplierid, productid, price, stock) VALUES (37, 1, 22, 131.9, 11);
INSERT INTO supplier_products (id, supplierid, productid, price, stock) VALUES (38, 2, 23, 55.02, 21);
INSERT INTO supplier_products (id, supplierid, productid, price, stock) VALUES (39, 1, 23, 63.1, 45);
INSERT INTO supplier_products (id, supplierid, productid, price, stock) VALUES (40, 3, 23, 60.6, 47);
INSERT INTO supplier_products (id, supplierid, productid, price, stock) VALUES (41, 1, 24, 264.52, 38);
INSERT INTO supplier_products (id, supplierid, productid, price, stock) VALUES (42, 2, 24, 210.51, 28);
INSERT INTO supplier_products (id, supplierid, productid, price, stock) VALUES (43, 3, 24, 250.44, 28);
INSERT INTO supplier_products (id, supplierid, productid, price, stock) VALUES (44, 1, 25, 254.83, 22);
INSERT INTO supplier_products (id, supplierid, productid, price, stock) VALUES (45, 2, 26, 183, 40);
INSERT INTO supplier_products (id, supplierid, productid, price, stock) VALUES (46, 1, 26, 160.03, 23);

-- Data for sales
INSERT INTO sales (id, date, total, items, paymentmethod, receipttype, receiptnumber, clientname, clientdoc, clientaddress) VALUES (1, '2025-10-26T21:17:14.877Z', 680, 3, 'Efectivo', 'Boleta', 'B001-1300', 'Cliente Simulado', NULL, NULL);
INSERT INTO sales (id, date, total, items, paymentmethod, receipttype, receiptnumber, clientname, clientdoc, clientaddress) VALUES (2, '2025-10-26T21:17:14.877Z', 90, 1, 'Efectivo', 'Boleta', 'B001-1301', 'Cliente Simulado', NULL, NULL);
INSERT INTO sales (id, date, total, items, paymentmethod, receipttype, receiptnumber, clientname, clientdoc, clientaddress) VALUES (3, '2025-10-27T21:17:14.877Z', 355, 2, 'Efectivo', 'Boleta', 'B001-1290', 'Cliente Simulado', NULL, NULL);
INSERT INTO sales (id, date, total, items, paymentmethod, receipttype, receiptnumber, clientname, clientdoc, clientaddress) VALUES (4, '2025-10-27T21:17:14.877Z', 970, 3, 'Efectivo', 'Boleta', 'B001-1291', 'Cliente Simulado', NULL, NULL);
INSERT INTO sales (id, date, total, items, paymentmethod, receipttype, receiptnumber, clientname, clientdoc, clientaddress) VALUES (5, '2025-10-27T21:17:14.877Z', 180, 1, 'Efectivo', 'Boleta', 'B001-1292', 'Cliente Simulado', NULL, NULL);
INSERT INTO sales (id, date, total, items, paymentmethod, receipttype, receiptnumber, clientname, clientdoc, clientaddress) VALUES (6, '2025-10-27T21:17:14.877Z', 620, 2, 'Efectivo', 'Boleta', 'B001-1293', 'Cliente Simulado', NULL, NULL);
INSERT INTO sales (id, date, total, items, paymentmethod, receipttype, receiptnumber, clientname, clientdoc, clientaddress) VALUES (7, '2025-10-27T21:17:14.877Z', 120, 1, 'Efectivo', 'Boleta', 'B001-1294', 'Cliente Simulado', NULL, NULL);
INSERT INTO sales (id, date, total, items, paymentmethod, receipttype, receiptnumber, clientname, clientdoc, clientaddress) VALUES (8, '2025-10-28T21:17:14.877Z', 350, 1, 'Efectivo', 'Boleta', 'B001-1280', 'Cliente Simulado', NULL, NULL);
INSERT INTO sales (id, date, total, items, paymentmethod, receipttype, receiptnumber, clientname, clientdoc, clientaddress) VALUES (9, '2025-10-28T21:17:14.877Z', 340, 2, 'Efectivo', 'Boleta', 'B001-1281', 'Cliente Simulado', NULL, NULL);
INSERT INTO sales (id, date, total, items, paymentmethod, receipttype, receiptnumber, clientname, clientdoc, clientaddress) VALUES (10, '2025-10-30T21:17:14.877Z', 400, 1, 'Efectivo', 'Boleta', 'B001-1260', 'Cliente Simulado', NULL, NULL);
INSERT INTO sales (id, date, total, items, paymentmethod, receipttype, receiptnumber, clientname, clientdoc, clientaddress) VALUES (11, '2025-10-30T21:17:14.877Z', 540, 1, 'Efectivo', 'Boleta', 'B001-1261', 'Cliente Simulado', NULL, NULL);
INSERT INTO sales (id, date, total, items, paymentmethod, receipttype, receiptnumber, clientname, clientdoc, clientaddress) VALUES (12, '2025-10-30T21:17:14.877Z', 750, 2, 'Efectivo', 'Boleta', 'B001-1262', 'Cliente Simulado', NULL, NULL);
INSERT INTO sales (id, date, total, items, paymentmethod, receipttype, receiptnumber, clientname, clientdoc, clientaddress) VALUES (13, '2025-10-31T21:17:14.877Z', 1060, 2, 'Efectivo', 'Boleta', 'B001-1250', 'Cliente Simulado', NULL, NULL);
INSERT INTO sales (id, date, total, items, paymentmethod, receipttype, receiptnumber, clientname, clientdoc, clientaddress) VALUES (14, '2025-10-31T21:17:14.877Z', 570, 3, 'Efectivo', 'Boleta', 'B001-1251', 'Cliente Simulado', NULL, NULL);
INSERT INTO sales (id, date, total, items, paymentmethod, receipttype, receiptnumber, clientname, clientdoc, clientaddress) VALUES (15, '2025-11-02T21:17:14.877Z', 780, 2, 'Efectivo', 'Boleta', 'B001-1230', 'Cliente Simulado', NULL, NULL);
INSERT INTO sales (id, date, total, items, paymentmethod, receipttype, receiptnumber, clientname, clientdoc, clientaddress) VALUES (16, '2025-11-02T21:17:14.877Z', 85, 1, 'Efectivo', 'Boleta', 'B001-1231', 'Cliente Simulado', NULL, NULL);
INSERT INTO sales (id, date, total, items, paymentmethod, receipttype, receiptnumber, clientname, clientdoc, clientaddress) VALUES (17, '2025-11-02T21:17:14.877Z', 280, 3, 'Efectivo', 'Boleta', 'B001-1232', 'Cliente Simulado', NULL, NULL);
INSERT INTO sales (id, date, total, items, paymentmethod, receipttype, receiptnumber, clientname, clientdoc, clientaddress) VALUES (18, '2025-11-03T21:17:14.877Z', 255, 1, 'Efectivo', 'Boleta', 'B001-1220', 'Cliente Simulado', NULL, NULL);
INSERT INTO sales (id, date, total, items, paymentmethod, receipttype, receiptnumber, clientname, clientdoc, clientaddress) VALUES (19, '2025-11-03T21:17:14.877Z', 1110, 3, 'Efectivo', 'Boleta', 'B001-1221', 'Cliente Simulado', NULL, NULL);
INSERT INTO sales (id, date, total, items, paymentmethod, receipttype, receiptnumber, clientname, clientdoc, clientaddress) VALUES (20, '2025-11-03T21:17:14.877Z', 1410, 3, 'Efectivo', 'Boleta', 'B001-1222', 'Cliente Simulado', NULL, NULL);
INSERT INTO sales (id, date, total, items, paymentmethod, receipttype, receiptnumber, clientname, clientdoc, clientaddress) VALUES (21, '2025-11-03T21:17:14.877Z', 360, 1, 'Efectivo', 'Boleta', 'B001-1223', 'Cliente Simulado', NULL, NULL);
INSERT INTO sales (id, date, total, items, paymentmethod, receipttype, receiptnumber, clientname, clientdoc, clientaddress) VALUES (22, '2025-11-03T21:17:14.877Z', 575, 3, 'Efectivo', 'Boleta', 'B001-1224', 'Cliente Simulado', NULL, NULL);
INSERT INTO sales (id, date, total, items, paymentmethod, receipttype, receiptnumber, clientname, clientdoc, clientaddress) VALUES (23, '2025-11-04T21:17:14.877Z', 1140, 2, 'Efectivo', 'Boleta', 'B001-1210', 'Cliente Simulado', NULL, NULL);
INSERT INTO sales (id, date, total, items, paymentmethod, receipttype, receiptnumber, clientname, clientdoc, clientaddress) VALUES (24, '2025-11-04T21:17:14.877Z', 620, 3, 'Efectivo', 'Boleta', 'B001-1211', 'Cliente Simulado', NULL, NULL);
INSERT INTO sales (id, date, total, items, paymentmethod, receipttype, receiptnumber, clientname, clientdoc, clientaddress) VALUES (25, '2025-11-05T21:17:14.877Z', 450, 3, 'Efectivo', 'Boleta', 'B001-1200', 'Cliente Simulado', NULL, NULL);
INSERT INTO sales (id, date, total, items, paymentmethod, receipttype, receiptnumber, clientname, clientdoc, clientaddress) VALUES (26, '2025-11-05T21:17:14.877Z', 480, 1, 'Efectivo', 'Boleta', 'B001-1201', 'Cliente Simulado', NULL, NULL);
INSERT INTO sales (id, date, total, items, paymentmethod, receipttype, receiptnumber, clientname, clientdoc, clientaddress) VALUES (27, '2025-11-06T21:17:14.877Z', 1110, 2, 'Efectivo', 'Boleta', 'B001-1190', 'Cliente Simulado', NULL, NULL);
INSERT INTO sales (id, date, total, items, paymentmethod, receipttype, receiptnumber, clientname, clientdoc, clientaddress) VALUES (28, '2025-11-06T21:17:14.877Z', 470, 2, 'Efectivo', 'Boleta', 'B001-1191', 'Cliente Simulado', NULL, NULL);
INSERT INTO sales (id, date, total, items, paymentmethod, receipttype, receiptnumber, clientname, clientdoc, clientaddress) VALUES (29, '2025-11-06T21:17:14.877Z', 410, 2, 'Efectivo', 'Boleta', 'B001-1192', 'Cliente Simulado', NULL, NULL);
INSERT INTO sales (id, date, total, items, paymentmethod, receipttype, receiptnumber, clientname, clientdoc, clientaddress) VALUES (30, '2025-11-06T21:17:14.877Z', 460, 2, 'Efectivo', 'Boleta', 'B001-1193', 'Cliente Simulado', NULL, NULL);
INSERT INTO sales (id, date, total, items, paymentmethod, receipttype, receiptnumber, clientname, clientdoc, clientaddress) VALUES (31, '2025-11-07T21:17:14.877Z', 1155, 3, 'Efectivo', 'Boleta', 'B001-1180', 'Cliente Simulado', NULL, NULL);
INSERT INTO sales (id, date, total, items, paymentmethod, receipttype, receiptnumber, clientname, clientdoc, clientaddress) VALUES (32, '2025-11-07T21:17:14.877Z', 785, 2, 'Efectivo', 'Boleta', 'B001-1181', 'Cliente Simulado', NULL, NULL);
INSERT INTO sales (id, date, total, items, paymentmethod, receipttype, receiptnumber, clientname, clientdoc, clientaddress) VALUES (33, '2025-11-08T21:17:14.877Z', 740, 2, 'Efectivo', 'Boleta', 'B001-1170', 'Cliente Simulado', NULL, NULL);
INSERT INTO sales (id, date, total, items, paymentmethod, receipttype, receiptnumber, clientname, clientdoc, clientaddress) VALUES (34, '2025-11-08T21:17:14.877Z', 510, 2, 'Efectivo', 'Boleta', 'B001-1171', 'Cliente Simulado', NULL, NULL);
INSERT INTO sales (id, date, total, items, paymentmethod, receipttype, receiptnumber, clientname, clientdoc, clientaddress) VALUES (35, '2025-11-08T21:17:14.877Z', 510, 3, 'Efectivo', 'Boleta', 'B001-1172', 'Cliente Simulado', NULL, NULL);
INSERT INTO sales (id, date, total, items, paymentmethod, receipttype, receiptnumber, clientname, clientdoc, clientaddress) VALUES (36, '2025-11-08T21:17:14.877Z', 450, 2, 'Efectivo', 'Boleta', 'B001-1173', 'Cliente Simulado', NULL, NULL);
INSERT INTO sales (id, date, total, items, paymentmethod, receipttype, receiptnumber, clientname, clientdoc, clientaddress) VALUES (37, '2025-11-09T21:17:14.877Z', 280, 1, 'Efectivo', 'Boleta', 'B001-1160', 'Cliente Simulado', NULL, NULL);
INSERT INTO sales (id, date, total, items, paymentmethod, receipttype, receiptnumber, clientname, clientdoc, clientaddress) VALUES (38, '2025-11-09T21:17:14.877Z', 650, 1, 'Efectivo', 'Boleta', 'B001-1161', 'Cliente Simulado', NULL, NULL);
INSERT INTO sales (id, date, total, items, paymentmethod, receipttype, receiptnumber, clientname, clientdoc, clientaddress) VALUES (39, '2025-11-09T21:17:14.877Z', 920, 2, 'Efectivo', 'Boleta', 'B001-1162', 'Cliente Simulado', NULL, NULL);
INSERT INTO sales (id, date, total, items, paymentmethod, receipttype, receiptnumber, clientname, clientdoc, clientaddress) VALUES (40, '2025-11-09T21:17:14.877Z', 560, 3, 'Efectivo', 'Boleta', 'B001-1163', 'Cliente Simulado', NULL, NULL);
INSERT INTO sales (id, date, total, items, paymentmethod, receipttype, receiptnumber, clientname, clientdoc, clientaddress) VALUES (41, '2025-11-09T21:17:14.877Z', 1640, 3, 'Efectivo', 'Boleta', 'B001-1164', 'Cliente Simulado', NULL, NULL);
INSERT INTO sales (id, date, total, items, paymentmethod, receipttype, receiptnumber, clientname, clientdoc, clientaddress) VALUES (42, '2025-11-11T21:17:14.877Z', 2350, 3, 'Efectivo', 'Boleta', 'B001-1140', 'Cliente Simulado', NULL, NULL);
INSERT INTO sales (id, date, total, items, paymentmethod, receipttype, receiptnumber, clientname, clientdoc, clientaddress) VALUES (43, '2025-11-11T21:17:14.877Z', 1800, 3, 'Efectivo', 'Boleta', 'B001-1141', 'Cliente Simulado', NULL, NULL);
INSERT INTO sales (id, date, total, items, paymentmethod, receipttype, receiptnumber, clientname, clientdoc, clientaddress) VALUES (44, '2025-11-11T21:17:14.877Z', 585, 3, 'Efectivo', 'Boleta', 'B001-1142', 'Cliente Simulado', NULL, NULL);
INSERT INTO sales (id, date, total, items, paymentmethod, receipttype, receiptnumber, clientname, clientdoc, clientaddress) VALUES (45, '2025-11-12T21:17:14.877Z', 1060, 3, 'Efectivo', 'Boleta', 'B001-1130', 'Cliente Simulado', NULL, NULL);
INSERT INTO sales (id, date, total, items, paymentmethod, receipttype, receiptnumber, clientname, clientdoc, clientaddress) VALUES (46, '2025-11-12T21:17:14.877Z', 2100, 3, 'Efectivo', 'Boleta', 'B001-1131', 'Cliente Simulado', NULL, NULL);
INSERT INTO sales (id, date, total, items, paymentmethod, receipttype, receiptnumber, clientname, clientdoc, clientaddress) VALUES (47, '2025-11-12T21:17:14.877Z', 530, 2, 'Efectivo', 'Boleta', 'B001-1132', 'Cliente Simulado', NULL, NULL);
INSERT INTO sales (id, date, total, items, paymentmethod, receipttype, receiptnumber, clientname, clientdoc, clientaddress) VALUES (48, '2025-11-12T21:17:14.877Z', 1200, 1, 'Efectivo', 'Boleta', 'B001-1133', 'Cliente Simulado', NULL, NULL);
INSERT INTO sales (id, date, total, items, paymentmethod, receipttype, receiptnumber, clientname, clientdoc, clientaddress) VALUES (49, '2025-11-12T21:17:14.877Z', 240, 1, 'Efectivo', 'Boleta', 'B001-1134', 'Cliente Simulado', NULL, NULL);
INSERT INTO sales (id, date, total, items, paymentmethod, receipttype, receiptnumber, clientname, clientdoc, clientaddress) VALUES (50, '2025-11-13T21:17:14.877Z', 855, 3, 'Efectivo', 'Boleta', 'B001-1120', 'Cliente Simulado', NULL, NULL);
INSERT INTO sales (id, date, total, items, paymentmethod, receipttype, receiptnumber, clientname, clientdoc, clientaddress) VALUES (51, '2025-11-13T21:17:14.877Z', 1130, 3, 'Efectivo', 'Boleta', 'B001-1121', 'Cliente Simulado', NULL, NULL);
INSERT INTO sales (id, date, total, items, paymentmethod, receipttype, receiptnumber, clientname, clientdoc, clientaddress) VALUES (52, '2025-11-13T21:17:14.877Z', 285, 1, 'Efectivo', 'Boleta', 'B001-1122', 'Cliente Simulado', NULL, NULL);
INSERT INTO sales (id, date, total, items, paymentmethod, receipttype, receiptnumber, clientname, clientdoc, clientaddress) VALUES (53, '2025-11-13T21:17:14.877Z', 990, 3, 'Efectivo', 'Boleta', 'B001-1123', 'Cliente Simulado', NULL, NULL);
INSERT INTO sales (id, date, total, items, paymentmethod, receipttype, receiptnumber, clientname, clientdoc, clientaddress) VALUES (54, '2025-11-15T21:17:14.877Z', 900, 2, 'Efectivo', 'Boleta', 'B001-1100', 'Cliente Simulado', NULL, NULL);
INSERT INTO sales (id, date, total, items, paymentmethod, receipttype, receiptnumber, clientname, clientdoc, clientaddress) VALUES (55, '2025-11-17T21:17:14.877Z', 110, 1, 'Efectivo', 'Boleta', 'B001-1080', 'Cliente Simulado', NULL, NULL);
INSERT INTO sales (id, date, total, items, paymentmethod, receipttype, receiptnumber, clientname, clientdoc, clientaddress) VALUES (56, '2025-11-17T21:17:14.877Z', 750, 1, 'Efectivo', 'Boleta', 'B001-1081', 'Cliente Simulado', NULL, NULL);
INSERT INTO sales (id, date, total, items, paymentmethod, receipttype, receiptnumber, clientname, clientdoc, clientaddress) VALUES (57, '2025-11-17T21:17:14.877Z', 1050, 3, 'Efectivo', 'Boleta', 'B001-1082', 'Cliente Simulado', NULL, NULL);
INSERT INTO sales (id, date, total, items, paymentmethod, receipttype, receiptnumber, clientname, clientdoc, clientaddress) VALUES (58, '2025-11-17T21:17:14.877Z', 730, 3, 'Efectivo', 'Boleta', 'B001-1083', 'Cliente Simulado', NULL, NULL);
INSERT INTO sales (id, date, total, items, paymentmethod, receipttype, receiptnumber, clientname, clientdoc, clientaddress) VALUES (59, '2025-11-17T21:17:14.877Z', 1820, 3, 'Efectivo', 'Boleta', 'B001-1084', 'Cliente Simulado', NULL, NULL);
INSERT INTO sales (id, date, total, items, paymentmethod, receipttype, receiptnumber, clientname, clientdoc, clientaddress) VALUES (60, '2025-11-18T21:17:14.877Z', 1070, 2, 'Efectivo', 'Boleta', 'B001-1070', 'Cliente Simulado', NULL, NULL);
INSERT INTO sales (id, date, total, items, paymentmethod, receipttype, receiptnumber, clientname, clientdoc, clientaddress) VALUES (61, '2025-11-18T21:17:14.877Z', 980, 3, 'Efectivo', 'Boleta', 'B001-1071', 'Cliente Simulado', NULL, NULL);
INSERT INTO sales (id, date, total, items, paymentmethod, receipttype, receiptnumber, clientname, clientdoc, clientaddress) VALUES (62, '2025-11-18T21:17:14.877Z', 530, 2, 'Efectivo', 'Boleta', 'B001-1072', 'Cliente Simulado', NULL, NULL);
INSERT INTO sales (id, date, total, items, paymentmethod, receipttype, receiptnumber, clientname, clientdoc, clientaddress) VALUES (63, '2025-11-19T21:17:14.877Z', 1500, 3, 'Efectivo', 'Boleta', 'B001-1060', 'Cliente Simulado', NULL, NULL);
INSERT INTO sales (id, date, total, items, paymentmethod, receipttype, receiptnumber, clientname, clientdoc, clientaddress) VALUES (64, '2025-11-19T21:17:14.877Z', 810, 3, 'Efectivo', 'Boleta', 'B001-1061', 'Cliente Simulado', NULL, NULL);
INSERT INTO sales (id, date, total, items, paymentmethod, receipttype, receiptnumber, clientname, clientdoc, clientaddress) VALUES (65, '2025-11-19T21:17:14.877Z', 1150, 2, 'Efectivo', 'Boleta', 'B001-1062', 'Cliente Simulado', NULL, NULL);
INSERT INTO sales (id, date, total, items, paymentmethod, receipttype, receiptnumber, clientname, clientdoc, clientaddress) VALUES (66, '2025-11-19T21:17:14.877Z', 150, 1, 'Efectivo', 'Boleta', 'B001-1063', 'Cliente Simulado', NULL, NULL);
INSERT INTO sales (id, date, total, items, paymentmethod, receipttype, receiptnumber, clientname, clientdoc, clientaddress) VALUES (67, '2025-11-20T21:17:14.877Z', 320, 1, 'Efectivo', 'Boleta', 'B001-1050', 'Cliente Simulado', NULL, NULL);
INSERT INTO sales (id, date, total, items, paymentmethod, receipttype, receiptnumber, clientname, clientdoc, clientaddress) VALUES (68, '2025-11-20T21:17:14.877Z', 1470, 3, 'Efectivo', 'Boleta', 'B001-1051', 'Cliente Simulado', NULL, NULL);
INSERT INTO sales (id, date, total, items, paymentmethod, receipttype, receiptnumber, clientname, clientdoc, clientaddress) VALUES (69, '2025-11-20T21:17:14.877Z', 1395, 3, 'Efectivo', 'Boleta', 'B001-1052', 'Cliente Simulado', NULL, NULL);
INSERT INTO sales (id, date, total, items, paymentmethod, receipttype, receiptnumber, clientname, clientdoc, clientaddress) VALUES (70, '2025-11-22T21:17:14.877Z', 180, 1, 'Efectivo', 'Boleta', 'B001-1030', 'Cliente Simulado', NULL, NULL);
INSERT INTO sales (id, date, total, items, paymentmethod, receipttype, receiptnumber, clientname, clientdoc, clientaddress) VALUES (71, '2025-11-22T21:17:14.877Z', 360, 1, 'Efectivo', 'Boleta', 'B001-1031', 'Cliente Simulado', NULL, NULL);
INSERT INTO sales (id, date, total, items, paymentmethod, receipttype, receiptnumber, clientname, clientdoc, clientaddress) VALUES (72, '2025-11-22T21:17:14.877Z', 520, 2, 'Efectivo', 'Boleta', 'B001-1032', 'Cliente Simulado', NULL, NULL);
INSERT INTO sales (id, date, total, items, paymentmethod, receipttype, receiptnumber, clientname, clientdoc, clientaddress) VALUES (73, '2025-11-24T21:17:14.877Z', 540, 1, 'Efectivo', 'Boleta', 'B001-1010', 'Cliente Simulado', NULL, NULL);
INSERT INTO sales (id, date, total, items, paymentmethod, receipttype, receiptnumber, clientname, clientdoc, clientaddress) VALUES (74, '2025-11-24T21:17:14.877Z', 500, 1, 'Efectivo', 'Boleta', 'B001-1011', 'Cliente Simulado', NULL, NULL);
INSERT INTO sales (id, date, total, items, paymentmethod, receipttype, receiptnumber, clientname, clientdoc, clientaddress) VALUES (75, '2025-11-24T21:17:14.877Z', 1555, 3, 'Efectivo', 'Boleta', 'B001-1012', 'Cliente Simulado', NULL, NULL);
INSERT INTO sales (id, date, total, items, paymentmethod, receipttype, receiptnumber, clientname, clientdoc, clientaddress) VALUES (76, '2025-11-25T21:17:14.877Z', 545, 3, 'Efectivo', 'Boleta', 'B001-1000', 'Cliente Simulado', NULL, NULL);
INSERT INTO sales (id, date, total, items, paymentmethod, receipttype, receiptnumber, clientname, clientdoc, clientaddress) VALUES (77, '2025-11-25T21:17:14.877Z', 440, 1, 'Efectivo', 'Boleta', 'B001-1001', 'Cliente Simulado', NULL, NULL);

-- Data for sale_items
INSERT INTO sale_items (id, saleid, productname, quantity, price) VALUES (1, 1, 'Mochila Hidratación', 1, 150);
INSERT INTO sale_items (id, saleid, productname, quantity, price) VALUES (2, 1, 'Piolet Travesía', 1, 350);
INSERT INTO sale_items (id, saleid, productname, quantity, price) VALUES (3, 1, 'Termo Acero 1L', 2, 90);
INSERT INTO sale_items (id, saleid, productname, quantity, price) VALUES (4, 2, 'Linterna LED', 2, 45);
INSERT INTO sale_items (id, saleid, productname, quantity, price) VALUES (5, 3, 'Guantes Térmicos', 1, 85);
INSERT INTO sale_items (id, saleid, productname, quantity, price) VALUES (6, 3, 'Termo Acero 1L', 3, 90);
INSERT INTO sale_items (id, saleid, productname, quantity, price) VALUES (7, 4, 'Guantes Térmicos', 2, 85);
INSERT INTO sale_items (id, saleid, productname, quantity, price) VALUES (8, 4, 'Casco Escalada', 2, 220);
INSERT INTO sale_items (id, saleid, productname, quantity, price) VALUES (9, 4, 'Navaja Multiusos', 3, 120);
INSERT INTO sale_items (id, saleid, productname, quantity, price) VALUES (10, 5, 'Pantalón Trekking Desmontable', 1, 180);
INSERT INTO sale_items (id, saleid, productname, quantity, price) VALUES (11, 6, 'Casco Escalada', 2, 220);
INSERT INTO sale_items (id, saleid, productname, quantity, price) VALUES (12, 6, 'Termo Acero 1L', 2, 90);
INSERT INTO sale_items (id, saleid, productname, quantity, price) VALUES (13, 7, 'Saco de Dormir', 1, 120);
INSERT INTO sale_items (id, saleid, productname, quantity, price) VALUES (14, 8, 'Piolet Travesía', 1, 350);
INSERT INTO sale_items (id, saleid, productname, quantity, price) VALUES (15, 9, 'Lámpara Gas', 2, 95);
INSERT INTO sale_items (id, saleid, productname, quantity, price) VALUES (16, 9, 'Brújula Profesional', 1, 150);
INSERT INTO sale_items (id, saleid, productname, quantity, price) VALUES (17, 10, 'Crampones', 1, 400);
INSERT INTO sale_items (id, saleid, productname, quantity, price) VALUES (18, 11, 'Pantalón Trekking Desmontable', 3, 180);
INSERT INTO sale_items (id, saleid, productname, quantity, price) VALUES (19, 12, 'Brújula Profesional', 2, 150);
INSERT INTO sale_items (id, saleid, productname, quantity, price) VALUES (20, 12, 'Brújula Profesional', 3, 150);
INSERT INTO sale_items (id, saleid, productname, quantity, price) VALUES (21, 13, 'Carpa 4 Personas', 2, 250);
INSERT INTO sale_items (id, saleid, productname, quantity, price) VALUES (22, 13, 'Botas Trekking', 2, 280);
INSERT INTO sale_items (id, saleid, productname, quantity, price) VALUES (23, 14, 'Mosquetones Set x5', 1, 100);
INSERT INTO sale_items (id, saleid, productname, quantity, price) VALUES (24, 14, 'Termo Acero 1L', 3, 90);
INSERT INTO sale_items (id, saleid, productname, quantity, price) VALUES (25, 14, 'Colchoneta Autoinflable', 1, 200);
INSERT INTO sale_items (id, saleid, productname, quantity, price) VALUES (26, 15, 'Botas Trekking', 1, 280);
INSERT INTO sale_items (id, saleid, productname, quantity, price) VALUES (27, 15, 'Gafas Glaciar', 2, 250);
INSERT INTO sale_items (id, saleid, productname, quantity, price) VALUES (28, 16, 'Guantes Térmicos', 1, 85);
INSERT INTO sale_items (id, saleid, productname, quantity, price) VALUES (29, 17, 'Mosquetones Set x5', 1, 100);
INSERT INTO sale_items (id, saleid, productname, quantity, price) VALUES (30, 17, 'Navaja Multiusos', 1, 120);
INSERT INTO sale_items (id, saleid, productname, quantity, price) VALUES (31, 17, 'Gorro Lana Merino', 1, 60);
INSERT INTO sale_items (id, saleid, productname, quantity, price) VALUES (32, 18, 'Guantes Térmicos', 3, 85);
INSERT INTO sale_items (id, saleid, productname, quantity, price) VALUES (33, 19, 'Casco Escalada', 2, 220);
INSERT INTO sale_items (id, saleid, productname, quantity, price) VALUES (34, 19, 'Casco Escalada', 1, 220);
INSERT INTO sale_items (id, saleid, productname, quantity, price) VALUES (35, 19, 'Mochila Hidratación', 3, 150);
INSERT INTO sale_items (id, saleid, productname, quantity, price) VALUES (36, 20, 'Gafas Glaciar', 3, 250);
INSERT INTO sale_items (id, saleid, productname, quantity, price) VALUES (37, 20, 'Bastones Trekking Carbono', 1, 220);
INSERT INTO sale_items (id, saleid, productname, quantity, price) VALUES (38, 20, 'Bastones Trekking Carbono', 2, 220);
INSERT INTO sale_items (id, saleid, productname, quantity, price) VALUES (39, 21, 'Pantalón Trekking Desmontable', 2, 180);
INSERT INTO sale_items (id, saleid, productname, quantity, price) VALUES (40, 22, 'Linterna LED', 3, 45);
INSERT INTO sale_items (id, saleid, productname, quantity, price) VALUES (41, 22, 'Cocinilla Gas Portátil', 2, 110);
INSERT INTO sale_items (id, saleid, productname, quantity, price) VALUES (42, 22, 'Cocinilla Gas Portátil', 2, 110);
INSERT INTO sale_items (id, saleid, productname, quantity, price) VALUES (43, 23, 'Linterna LED', 2, 45);
INSERT INTO sale_items (id, saleid, productname, quantity, price) VALUES (44, 23, 'Piolet Travesía', 3, 350);
INSERT INTO sale_items (id, saleid, productname, quantity, price) VALUES (45, 24, 'Gafas Glaciar', 1, 250);
INSERT INTO sale_items (id, saleid, productname, quantity, price) VALUES (46, 24, 'Mochila Hidratación', 1, 150);
INSERT INTO sale_items (id, saleid, productname, quantity, price) VALUES (47, 24, 'Cocinilla Gas Portátil', 2, 110);
INSERT INTO sale_items (id, saleid, productname, quantity, price) VALUES (48, 25, 'Navaja Multiusos', 2, 120);
INSERT INTO sale_items (id, saleid, productname, quantity, price) VALUES (49, 25, 'Gorro Lana Merino', 1, 60);
INSERT INTO sale_items (id, saleid, productname, quantity, price) VALUES (50, 25, 'Brújula Profesional', 1, 150);
INSERT INTO sale_items (id, saleid, productname, quantity, price) VALUES (51, 26, 'Set Ollas Camping', 3, 160);
INSERT INTO sale_items (id, saleid, productname, quantity, price) VALUES (52, 27, 'Casco Escalada', 3, 220);
INSERT INTO sale_items (id, saleid, productname, quantity, price) VALUES (53, 27, 'Brújula Profesional', 3, 150);
INSERT INTO sale_items (id, saleid, productname, quantity, price) VALUES (54, 28, 'Mosquetones Set x5', 3, 100);
INSERT INTO sale_items (id, saleid, productname, quantity, price) VALUES (55, 28, 'Guantes Térmicos', 2, 85);
INSERT INTO sale_items (id, saleid, productname, quantity, price) VALUES (56, 29, 'Bastones Trekking Carbono', 1, 220);
INSERT INTO sale_items (id, saleid, productname, quantity, price) VALUES (57, 29, 'Lámpara Gas', 2, 95);
INSERT INTO sale_items (id, saleid, productname, quantity, price) VALUES (58, 30, 'Lámpara Gas', 2, 95);
INSERT INTO sale_items (id, saleid, productname, quantity, price) VALUES (59, 30, 'Termo Acero 1L', 3, 90);
INSERT INTO sale_items (id, saleid, productname, quantity, price) VALUES (60, 31, 'Termo Acero 1L', 3, 90);
INSERT INTO sale_items (id, saleid, productname, quantity, price) VALUES (61, 31, 'Colchoneta Autoinflable', 3, 200);
INSERT INTO sale_items (id, saleid, productname, quantity, price) VALUES (62, 31, 'Lámpara Gas', 3, 95);
INSERT INTO sale_items (id, saleid, productname, quantity, price) VALUES (63, 32, 'Lámpara Gas', 3, 95);
INSERT INTO sale_items (id, saleid, productname, quantity, price) VALUES (64, 32, 'Gafas Glaciar', 2, 250);
INSERT INTO sale_items (id, saleid, productname, quantity, price) VALUES (65, 33, 'Mosquetones Set x5', 2, 100);
INSERT INTO sale_items (id, saleid, productname, quantity, price) VALUES (66, 33, 'Pantalón Trekking Desmontable', 3, 180);
INSERT INTO sale_items (id, saleid, productname, quantity, price) VALUES (67, 34, 'Crampones', 1, 400);
INSERT INTO sale_items (id, saleid, productname, quantity, price) VALUES (68, 34, 'Cocinilla Gas Portátil', 1, 110);
INSERT INTO sale_items (id, saleid, productname, quantity, price) VALUES (69, 35, 'Mochila Hidratación', 1, 150);
INSERT INTO sale_items (id, saleid, productname, quantity, price) VALUES (70, 35, 'Gorro Lana Merino', 1, 60);
INSERT INTO sale_items (id, saleid, productname, quantity, price) VALUES (71, 35, 'Brújula Profesional', 2, 150);
INSERT INTO sale_items (id, saleid, productname, quantity, price) VALUES (72, 36, 'Termo Acero 1L', 1, 90);
INSERT INTO sale_items (id, saleid, productname, quantity, price) VALUES (73, 36, 'Saco de Dormir', 3, 120);
INSERT INTO sale_items (id, saleid, productname, quantity, price) VALUES (74, 37, 'Botas Trekking', 1, 280);
INSERT INTO sale_items (id, saleid, productname, quantity, price) VALUES (75, 38, 'Cuerda Escalada 60m', 1, 650);
INSERT INTO sale_items (id, saleid, productname, quantity, price) VALUES (76, 39, 'Botas Trekking', 2, 280);
INSERT INTO sale_items (id, saleid, productname, quantity, price) VALUES (77, 39, 'Saco de Dormir', 3, 120);
INSERT INTO sale_items (id, saleid, productname, quantity, price) VALUES (78, 40, 'Lámpara Gas', 2, 95);
INSERT INTO sale_items (id, saleid, productname, quantity, price) VALUES (79, 40, 'Linterna LED', 2, 45);
INSERT INTO sale_items (id, saleid, productname, quantity, price) VALUES (80, 40, 'Botas Trekking', 1, 280);
INSERT INTO sale_items (id, saleid, productname, quantity, price) VALUES (81, 41, 'Arnés Escalada', 3, 280);
INSERT INTO sale_items (id, saleid, productname, quantity, price) VALUES (82, 41, 'Gafas Glaciar', 2, 250);
INSERT INTO sale_items (id, saleid, productname, quantity, price) VALUES (83, 41, 'Brújula Profesional', 2, 150);
INSERT INTO sale_items (id, saleid, productname, quantity, price) VALUES (84, 42, 'Gafas Glaciar', 1, 250);
INSERT INTO sale_items (id, saleid, productname, quantity, price) VALUES (85, 42, 'Piolet Travesía', 3, 350);
INSERT INTO sale_items (id, saleid, productname, quantity, price) VALUES (86, 42, 'Piolet Travesía', 3, 350);
INSERT INTO sale_items (id, saleid, productname, quantity, price) VALUES (87, 43, 'Arnés Escalada', 1, 280);
INSERT INTO sale_items (id, saleid, productname, quantity, price) VALUES (88, 43, 'Zapatillas Trail Running', 2, 380);
INSERT INTO sale_items (id, saleid, productname, quantity, price) VALUES (89, 43, 'Zapatillas Trail Running', 2, 380);
INSERT INTO sale_items (id, saleid, productname, quantity, price) VALUES (90, 44, 'Bastones Trekking Carbono', 2, 220);
INSERT INTO sale_items (id, saleid, productname, quantity, price) VALUES (91, 44, 'Guantes Térmicos', 1, 85);
INSERT INTO sale_items (id, saleid, productname, quantity, price) VALUES (92, 44, 'Gorro Lana Merino', 1, 60);
INSERT INTO sale_items (id, saleid, productname, quantity, price) VALUES (93, 45, 'Zapatillas Trail Running', 2, 380);
INSERT INTO sale_items (id, saleid, productname, quantity, price) VALUES (94, 45, 'Mochila Hidratación', 1, 150);
INSERT INTO sale_items (id, saleid, productname, quantity, price) VALUES (95, 45, 'Brújula Profesional', 1, 150);
INSERT INTO sale_items (id, saleid, productname, quantity, price) VALUES (96, 46, 'Piolet Travesía', 3, 350);
INSERT INTO sale_items (id, saleid, productname, quantity, price) VALUES (97, 46, 'Gafas Glaciar', 3, 250);
INSERT INTO sale_items (id, saleid, productname, quantity, price) VALUES (98, 46, 'Brújula Profesional', 2, 150);
INSERT INTO sale_items (id, saleid, productname, quantity, price) VALUES (99, 47, 'Guantes Térmicos', 2, 85);
INSERT INTO sale_items (id, saleid, productname, quantity, price) VALUES (100, 47, 'Pantalón Trekking Desmontable', 2, 180);
INSERT INTO sale_items (id, saleid, productname, quantity, price) VALUES (101, 48, 'Crampones', 3, 400);
INSERT INTO sale_items (id, saleid, productname, quantity, price) VALUES (102, 49, 'Saco de Dormir', 2, 120);
INSERT INTO sale_items (id, saleid, productname, quantity, price) VALUES (103, 50, 'Lámpara Gas', 3, 95);
INSERT INTO sale_items (id, saleid, productname, quantity, price) VALUES (104, 50, 'Termo Acero 1L', 1, 90);
INSERT INTO sale_items (id, saleid, productname, quantity, price) VALUES (105, 50, 'Set Ollas Camping', 3, 160);
INSERT INTO sale_items (id, saleid, productname, quantity, price) VALUES (106, 51, 'Casco Escalada', 3, 220);
INSERT INTO sale_items (id, saleid, productname, quantity, price) VALUES (107, 51, 'Gafas Glaciar', 1, 250);
INSERT INTO sale_items (id, saleid, productname, quantity, price) VALUES (108, 51, 'Bastones Trekking Carbono', 1, 220);
INSERT INTO sale_items (id, saleid, productname, quantity, price) VALUES (109, 52, 'Lámpara Gas', 3, 95);
INSERT INTO sale_items (id, saleid, productname, quantity, price) VALUES (110, 53, 'Pantalón Trekking Desmontable', 3, 180);
INSERT INTO sale_items (id, saleid, productname, quantity, price) VALUES (111, 53, 'Termo Acero 1L', 3, 90);
INSERT INTO sale_items (id, saleid, productname, quantity, price) VALUES (112, 53, 'Termo Acero 1L', 2, 90);
INSERT INTO sale_items (id, saleid, productname, quantity, price) VALUES (113, 54, 'Brújula Profesional', 1, 150);
INSERT INTO sale_items (id, saleid, productname, quantity, price) VALUES (114, 54, 'Gafas Glaciar', 3, 250);
INSERT INTO sale_items (id, saleid, productname, quantity, price) VALUES (115, 55, 'Cocinilla Gas Portátil', 1, 110);
INSERT INTO sale_items (id, saleid, productname, quantity, price) VALUES (116, 56, 'Gafas Glaciar', 3, 250);
INSERT INTO sale_items (id, saleid, productname, quantity, price) VALUES (117, 57, 'Botas Trekking', 1, 280);
INSERT INTO sale_items (id, saleid, productname, quantity, price) VALUES (118, 57, 'Gafas Glaciar', 2, 250);
INSERT INTO sale_items (id, saleid, productname, quantity, price) VALUES (119, 57, 'Termo Acero 1L', 3, 90);
INSERT INTO sale_items (id, saleid, productname, quantity, price) VALUES (120, 58, 'Colchoneta Autoinflable', 2, 200);
INSERT INTO sale_items (id, saleid, productname, quantity, price) VALUES (121, 58, 'Saco de Dormir', 2, 120);
INSERT INTO sale_items (id, saleid, productname, quantity, price) VALUES (122, 58, 'Termo Acero 1L', 1, 90);
INSERT INTO sale_items (id, saleid, productname, quantity, price) VALUES (123, 59, 'Set Ollas Camping', 2, 160);
INSERT INTO sale_items (id, saleid, productname, quantity, price) VALUES (124, 59, 'Zapatillas Trail Running', 3, 380);
INSERT INTO sale_items (id, saleid, productname, quantity, price) VALUES (125, 59, 'Navaja Multiusos', 3, 120);
INSERT INTO sale_items (id, saleid, productname, quantity, price) VALUES (126, 60, 'Set Ollas Camping', 2, 160);
INSERT INTO sale_items (id, saleid, productname, quantity, price) VALUES (127, 60, 'Gafas Glaciar', 3, 250);
INSERT INTO sale_items (id, saleid, productname, quantity, price) VALUES (128, 61, 'Casco Escalada', 2, 220);
INSERT INTO sale_items (id, saleid, productname, quantity, price) VALUES (129, 61, 'Termo Acero 1L', 2, 90);
INSERT INTO sale_items (id, saleid, productname, quantity, price) VALUES (130, 61, 'Saco de Dormir', 3, 120);
INSERT INTO sale_items (id, saleid, productname, quantity, price) VALUES (131, 62, 'Zapatillas Trail Running', 1, 380);
INSERT INTO sale_items (id, saleid, productname, quantity, price) VALUES (132, 62, 'Brújula Profesional', 1, 150);
INSERT INTO sale_items (id, saleid, productname, quantity, price) VALUES (133, 63, 'Gafas Glaciar', 3, 250);
INSERT INTO sale_items (id, saleid, productname, quantity, price) VALUES (134, 63, 'Casaca Térmica', 1, 350);
INSERT INTO sale_items (id, saleid, productname, quantity, price) VALUES (135, 63, 'Colchoneta Autoinflable', 2, 200);
INSERT INTO sale_items (id, saleid, productname, quantity, price) VALUES (136, 64, 'Brújula Profesional', 2, 150);
INSERT INTO sale_items (id, saleid, productname, quantity, price) VALUES (137, 64, 'Colchoneta Autoinflable', 2, 200);
INSERT INTO sale_items (id, saleid, productname, quantity, price) VALUES (138, 64, 'Cocinilla Gas Portátil', 1, 110);
INSERT INTO sale_items (id, saleid, productname, quantity, price) VALUES (139, 65, 'Mochila Hidratación', 3, 150);
INSERT INTO sale_items (id, saleid, productname, quantity, price) VALUES (140, 65, 'Casaca Térmica', 2, 350);
INSERT INTO sale_items (id, saleid, productname, quantity, price) VALUES (141, 66, 'Brújula Profesional', 1, 150);
INSERT INTO sale_items (id, saleid, productname, quantity, price) VALUES (142, 67, 'Set Ollas Camping', 2, 160);
INSERT INTO sale_items (id, saleid, productname, quantity, price) VALUES (143, 68, 'Botas Trekking', 3, 280);
INSERT INTO sale_items (id, saleid, productname, quantity, price) VALUES (144, 68, 'Brújula Profesional', 3, 150);
INSERT INTO sale_items (id, saleid, productname, quantity, price) VALUES (145, 68, 'Pantalón Trekking Desmontable', 1, 180);
INSERT INTO sale_items (id, saleid, productname, quantity, price) VALUES (146, 69, 'Zapatillas Trail Running', 2, 380);
INSERT INTO sale_items (id, saleid, productname, quantity, price) VALUES (147, 69, 'Lámpara Gas', 1, 95);
INSERT INTO sale_items (id, saleid, productname, quantity, price) VALUES (148, 69, 'Pantalón Trekking Desmontable', 3, 180);
INSERT INTO sale_items (id, saleid, productname, quantity, price) VALUES (149, 70, 'Gorro Lana Merino', 3, 60);
INSERT INTO sale_items (id, saleid, productname, quantity, price) VALUES (150, 71, 'Saco de Dormir', 3, 120);
INSERT INTO sale_items (id, saleid, productname, quantity, price) VALUES (151, 72, 'Arnés Escalada', 1, 280);
INSERT INTO sale_items (id, saleid, productname, quantity, price) VALUES (152, 72, 'Saco de Dormir', 2, 120);
INSERT INTO sale_items (id, saleid, productname, quantity, price) VALUES (153, 73, 'Pantalón Trekking Desmontable', 3, 180);
INSERT INTO sale_items (id, saleid, productname, quantity, price) VALUES (154, 74, 'Carpa 4 Personas', 2, 250);
INSERT INTO sale_items (id, saleid, productname, quantity, price) VALUES (155, 75, 'Linterna LED', 1, 45);
INSERT INTO sale_items (id, saleid, productname, quantity, price) VALUES (156, 75, 'Gafas Glaciar', 3, 250);
INSERT INTO sale_items (id, saleid, productname, quantity, price) VALUES (157, 75, 'Zapatillas Trail Running', 2, 380);
INSERT INTO sale_items (id, saleid, productname, quantity, price) VALUES (158, 76, 'Linterna LED', 1, 45);
INSERT INTO sale_items (id, saleid, productname, quantity, price) VALUES (159, 76, 'Navaja Multiusos', 1, 120);
INSERT INTO sale_items (id, saleid, productname, quantity, price) VALUES (160, 76, 'Zapatillas Trail Running', 1, 380);
INSERT INTO sale_items (id, saleid, productname, quantity, price) VALUES (161, 77, 'Casco Escalada', 2, 220);

-- Data for purchases
INSERT INTO purchases (id, supplierid, suppliername, total, date, invoicenumber, status, estimateddelivery) VALUES (1, 2, 'Importaciones Andinas', 675, '2025-11-05T21:17:14.877Z', 'INV-2020-3', 'Confirmed', '2025-11-05T21:17:14.877Z');
INSERT INTO purchases (id, supplierid, suppliername, total, date, invoicenumber, status, estimateddelivery) VALUES (2, 2, 'Importaciones Andinas', 1265, '2025-11-07T21:17:14.877Z', 'INV-2018-13', 'Confirmed', '2025-11-07T21:17:14.877Z');
INSERT INTO purchases (id, supplierid, suppliername, total, date, invoicenumber, status, estimateddelivery) VALUES (3, 1, 'Outdoor Peru S.A.C.', 2660, '2025-11-07T21:17:14.877Z', 'INV-2018-22', 'Confirmed', '2025-11-07T21:17:14.877Z');
INSERT INTO purchases (id, supplierid, suppliername, total, date, invoicenumber, status, estimateddelivery) VALUES (4, 3, 'Equipamiento Total', 1260, '2025-11-08T21:17:14.877Z', 'INV-2017-17', 'Confirmed', '2025-11-08T21:17:14.877Z');
INSERT INTO purchases (id, supplierid, suppliername, total, date, invoicenumber, status, estimateddelivery) VALUES (5, 1, 'Outdoor Peru S.A.C.', 1210, '2025-11-09T21:17:14.877Z', 'INV-2016-10', 'Confirmed', '2025-11-09T21:17:14.877Z');
INSERT INTO purchases (id, supplierid, suppliername, total, date, invoicenumber, status, estimateddelivery) VALUES (6, 1, 'Outdoor Peru S.A.C.', 2080, '2025-11-16T21:17:14.877Z', 'INV-2009-26', 'Confirmed', '2025-11-16T21:17:14.877Z');
INSERT INTO purchases (id, supplierid, suppliername, total, date, invoicenumber, status, estimateddelivery) VALUES (7, 1, 'Outdoor Peru S.A.C.', 1600, '2025-11-19T21:17:14.877Z', 'INV-2006-2', 'Confirmed', '2025-11-19T21:17:14.877Z');
INSERT INTO purchases (id, supplierid, suppliername, total, date, invoicenumber, status, estimateddelivery) VALUES (8, 3, 'Equipamiento Total', 2250, '2025-11-19T21:17:14.877Z', 'INV-2006-15', 'Confirmed', '2025-11-19T21:17:14.877Z');
INSERT INTO purchases (id, supplierid, suppliername, total, date, invoicenumber, status, estimateddelivery) VALUES (9, 1, 'Outdoor Peru S.A.C.', 1870, '2025-11-24T21:17:14.877Z', 'INV-2001-10', 'Confirmed', '2025-11-24T21:17:14.877Z');
INSERT INTO purchases (id, supplierid, suppliername, total, date, invoicenumber, status, estimateddelivery) VALUES (10, 3, 'Equipamiento Total', 2880, '2025-11-24T21:17:14.877Z', 'INV-2001-26', 'Confirmed', '2025-11-24T21:17:14.877Z');

-- Data for purchase_items
INSERT INTO purchase_items (id, purchaseid, productid, productname, quantity, cost) VALUES (1, 1, 3, 'Linterna LED', 27, 25);
INSERT INTO purchase_items (id, purchaseid, productid, productname, quantity, cost) VALUES (2, 2, 13, 'Termo Acero 1L', 23, 55);
INSERT INTO purchase_items (id, purchaseid, productid, productname, quantity, cost) VALUES (3, 3, 22, 'Casco Escalada', 19, 140);
INSERT INTO purchase_items (id, purchaseid, productid, productname, quantity, cost) VALUES (4, 4, 17, 'Cocinilla Gas Portátil', 18, 70);
INSERT INTO purchase_items (id, purchaseid, productid, productname, quantity, cost) VALUES (5, 5, 10, 'Pantalón Trekking Desmontable', 11, 110);
INSERT INTO purchase_items (id, purchaseid, productid, productname, quantity, cost) VALUES (6, 6, 26, 'Gafas Glaciar', 13, 160);
INSERT INTO purchase_items (id, purchaseid, productid, productname, quantity, cost) VALUES (7, 7, 2, 'Saco de Dormir', 20, 80);
INSERT INTO purchase_items (id, purchaseid, productid, productname, quantity, cost) VALUES (8, 8, 15, 'Brújula Profesional', 25, 90);
INSERT INTO purchase_items (id, purchaseid, productid, productname, quantity, cost) VALUES (9, 9, 10, 'Pantalón Trekking Desmontable', 17, 110);
INSERT INTO purchase_items (id, purchaseid, productid, productname, quantity, cost) VALUES (10, 10, 26, 'Gafas Glaciar', 18, 160);

-- Data for inventory_movements
INSERT INTO inventory_movements (id, productid, type, quantity, previousstock, newstock, reference, timestamp) VALUES (1, 2, 'INITIAL_STOCK', 19, 0, 19, 'Initial Setup', '2025-10-26T21:17:14.877Z');
INSERT INTO inventory_movements (id, productid, type, quantity, previousstock, newstock, reference, timestamp) VALUES (2, 3, 'INITIAL_STOCK', 22, 0, 22, 'Initial Setup', '2025-10-26T21:17:14.877Z');
INSERT INTO inventory_movements (id, productid, type, quantity, previousstock, newstock, reference, timestamp) VALUES (3, 5, 'INITIAL_STOCK', 25, 0, 25, 'Initial Setup', '2025-10-26T21:17:14.877Z');
INSERT INTO inventory_movements (id, productid, type, quantity, previousstock, newstock, reference, timestamp) VALUES (4, 1, 'INITIAL_STOCK', 17, 0, 17, 'Initial Setup', '2025-10-26T21:17:14.877Z');
INSERT INTO inventory_movements (id, productid, type, quantity, previousstock, newstock, reference, timestamp) VALUES (5, 7, 'INITIAL_STOCK', 29, 0, 29, 'Initial Setup', '2025-10-26T21:17:14.877Z');
INSERT INTO inventory_movements (id, productid, type, quantity, previousstock, newstock, reference, timestamp) VALUES (6, 8, 'INITIAL_STOCK', 28, 0, 28, 'Initial Setup', '2025-10-26T21:17:14.877Z');
INSERT INTO inventory_movements (id, productid, type, quantity, previousstock, newstock, reference, timestamp) VALUES (7, 9, 'INITIAL_STOCK', 21, 0, 21, 'Initial Setup', '2025-10-26T21:17:14.877Z');
INSERT INTO inventory_movements (id, productid, type, quantity, previousstock, newstock, reference, timestamp) VALUES (8, 10, 'INITIAL_STOCK', 16, 0, 16, 'Initial Setup', '2025-10-26T21:17:14.877Z');
INSERT INTO inventory_movements (id, productid, type, quantity, previousstock, newstock, reference, timestamp) VALUES (9, 11, 'INITIAL_STOCK', 21, 0, 21, 'Initial Setup', '2025-10-26T21:17:14.877Z');
INSERT INTO inventory_movements (id, productid, type, quantity, previousstock, newstock, reference, timestamp) VALUES (10, 12, 'INITIAL_STOCK', 27, 0, 27, 'Initial Setup', '2025-10-26T21:17:14.877Z');
INSERT INTO inventory_movements (id, productid, type, quantity, previousstock, newstock, reference, timestamp) VALUES (11, 13, 'INITIAL_STOCK', 26, 0, 26, 'Initial Setup', '2025-10-26T21:17:14.877Z');
INSERT INTO inventory_movements (id, productid, type, quantity, previousstock, newstock, reference, timestamp) VALUES (12, 14, 'INITIAL_STOCK', 22, 0, 22, 'Initial Setup', '2025-10-26T21:17:14.877Z');
INSERT INTO inventory_movements (id, productid, type, quantity, previousstock, newstock, reference, timestamp) VALUES (13, 15, 'INITIAL_STOCK', 23, 0, 23, 'Initial Setup', '2025-10-26T21:17:14.877Z');
INSERT INTO inventory_movements (id, productid, type, quantity, previousstock, newstock, reference, timestamp) VALUES (14, 16, 'INITIAL_STOCK', 21, 0, 21, 'Initial Setup', '2025-10-26T21:17:14.877Z');
INSERT INTO inventory_movements (id, productid, type, quantity, previousstock, newstock, reference, timestamp) VALUES (15, 17, 'INITIAL_STOCK', 13, 0, 13, 'Initial Setup', '2025-10-26T21:17:14.877Z');
INSERT INTO inventory_movements (id, productid, type, quantity, previousstock, newstock, reference, timestamp) VALUES (16, 18, 'INITIAL_STOCK', 18, 0, 18, 'Initial Setup', '2025-10-26T21:17:14.877Z');
INSERT INTO inventory_movements (id, productid, type, quantity, previousstock, newstock, reference, timestamp) VALUES (17, 19, 'INITIAL_STOCK', 29, 0, 29, 'Initial Setup', '2025-10-26T21:17:14.877Z');
INSERT INTO inventory_movements (id, productid, type, quantity, previousstock, newstock, reference, timestamp) VALUES (18, 20, 'INITIAL_STOCK', 10, 0, 10, 'Initial Setup', '2025-10-26T21:17:14.877Z');
INSERT INTO inventory_movements (id, productid, type, quantity, previousstock, newstock, reference, timestamp) VALUES (19, 21, 'INITIAL_STOCK', 25, 0, 25, 'Initial Setup', '2025-10-26T21:17:14.877Z');
INSERT INTO inventory_movements (id, productid, type, quantity, previousstock, newstock, reference, timestamp) VALUES (20, 22, 'INITIAL_STOCK', 11, 0, 11, 'Initial Setup', '2025-10-26T21:17:14.877Z');
INSERT INTO inventory_movements (id, productid, type, quantity, previousstock, newstock, reference, timestamp) VALUES (21, 23, 'INITIAL_STOCK', 25, 0, 25, 'Initial Setup', '2025-10-26T21:17:14.877Z');
INSERT INTO inventory_movements (id, productid, type, quantity, previousstock, newstock, reference, timestamp) VALUES (22, 24, 'INITIAL_STOCK', 18, 0, 18, 'Initial Setup', '2025-10-26T21:17:14.877Z');
INSERT INTO inventory_movements (id, productid, type, quantity, previousstock, newstock, reference, timestamp) VALUES (23, 25, 'INITIAL_STOCK', 12, 0, 12, 'Initial Setup', '2025-10-26T21:17:14.877Z');
INSERT INTO inventory_movements (id, productid, type, quantity, previousstock, newstock, reference, timestamp) VALUES (24, 26, 'INITIAL_STOCK', 22, 0, 22, 'Initial Setup', '2025-10-26T21:17:14.877Z');
INSERT INTO inventory_movements (id, productid, type, quantity, previousstock, newstock, reference, timestamp) VALUES (25, 6, 'INITIAL_STOCK', 24, 0, 24, 'Initial Setup', '2025-10-26T21:17:14.877Z');
INSERT INTO inventory_movements (id, productid, type, quantity, previousstock, newstock, reference, timestamp) VALUES (26, 4, 'INITIAL_STOCK', 18, 0, 18, 'Initial Setup', '2025-10-26T21:17:14.877Z');
INSERT INTO inventory_movements (id, productid, type, quantity, previousstock, newstock, reference, timestamp) VALUES (27, 7, 'SALE', -1, 29, 28, 'Sale #1', '2025-10-26T21:17:14.877Z');
INSERT INTO inventory_movements (id, productid, type, quantity, previousstock, newstock, reference, timestamp) VALUES (28, 24, 'SALE', -1, 18, 17, 'Sale #1', '2025-10-26T21:17:14.877Z');
INSERT INTO inventory_movements (id, productid, type, quantity, previousstock, newstock, reference, timestamp) VALUES (29, 13, 'SALE', -2, 26, 24, 'Sale #1', '2025-10-26T21:17:14.877Z');
INSERT INTO inventory_movements (id, productid, type, quantity, previousstock, newstock, reference, timestamp) VALUES (30, 3, 'SALE', -2, 22, 20, 'Sale #2', '2025-10-26T21:17:14.877Z');
INSERT INTO inventory_movements (id, productid, type, quantity, previousstock, newstock, reference, timestamp) VALUES (31, 12, 'SALE', -1, 27, 26, 'Sale #3', '2025-10-27T21:17:14.877Z');
INSERT INTO inventory_movements (id, productid, type, quantity, previousstock, newstock, reference, timestamp) VALUES (32, 13, 'SALE', -3, 24, 21, 'Sale #3', '2025-10-27T21:17:14.877Z');
INSERT INTO inventory_movements (id, productid, type, quantity, previousstock, newstock, reference, timestamp) VALUES (33, 12, 'SALE', -2, 26, 24, 'Sale #4', '2025-10-27T21:17:14.877Z');
INSERT INTO inventory_movements (id, productid, type, quantity, previousstock, newstock, reference, timestamp) VALUES (34, 22, 'SALE', -2, 11, 9, 'Sale #4', '2025-10-27T21:17:14.877Z');
INSERT INTO inventory_movements (id, productid, type, quantity, previousstock, newstock, reference, timestamp) VALUES (35, 14, 'SALE', -3, 22, 19, 'Sale #4', '2025-10-27T21:17:14.877Z');
INSERT INTO inventory_movements (id, productid, type, quantity, previousstock, newstock, reference, timestamp) VALUES (36, 10, 'SALE', -1, 16, 15, 'Sale #5', '2025-10-27T21:17:14.877Z');
INSERT INTO inventory_movements (id, productid, type, quantity, previousstock, newstock, reference, timestamp) VALUES (37, 22, 'SALE', -2, 9, 7, 'Sale #6', '2025-10-27T21:17:14.877Z');
INSERT INTO inventory_movements (id, productid, type, quantity, previousstock, newstock, reference, timestamp) VALUES (38, 13, 'SALE', -2, 21, 19, 'Sale #6', '2025-10-27T21:17:14.877Z');
INSERT INTO inventory_movements (id, productid, type, quantity, previousstock, newstock, reference, timestamp) VALUES (39, 2, 'SALE', -1, 19, 18, 'Sale #7', '2025-10-27T21:17:14.877Z');
INSERT INTO inventory_movements (id, productid, type, quantity, previousstock, newstock, reference, timestamp) VALUES (40, 24, 'SALE', -1, 17, 16, 'Sale #8', '2025-10-28T21:17:14.877Z');
INSERT INTO inventory_movements (id, productid, type, quantity, previousstock, newstock, reference, timestamp) VALUES (41, 19, 'SALE', -2, 29, 27, 'Sale #9', '2025-10-28T21:17:14.877Z');
INSERT INTO inventory_movements (id, productid, type, quantity, previousstock, newstock, reference, timestamp) VALUES (42, 15, 'SALE', -1, 23, 22, 'Sale #9', '2025-10-28T21:17:14.877Z');
INSERT INTO inventory_movements (id, productid, type, quantity, previousstock, newstock, reference, timestamp) VALUES (43, 25, 'SALE', -1, 12, 11, 'Sale #10', '2025-10-30T21:17:14.877Z');
INSERT INTO inventory_movements (id, productid, type, quantity, previousstock, newstock, reference, timestamp) VALUES (44, 10, 'SALE', -3, 15, 12, 'Sale #11', '2025-10-30T21:17:14.877Z');
INSERT INTO inventory_movements (id, productid, type, quantity, previousstock, newstock, reference, timestamp) VALUES (45, 15, 'SALE', -2, 19, 17, 'Sale #12', '2025-10-30T21:17:14.877Z');
INSERT INTO inventory_movements (id, productid, type, quantity, previousstock, newstock, reference, timestamp) VALUES (46, 15, 'SALE', -3, 20, 17, 'Sale #12', '2025-10-30T21:17:14.877Z');
INSERT INTO inventory_movements (id, productid, type, quantity, previousstock, newstock, reference, timestamp) VALUES (47, 1, 'SALE', -2, 17, 15, 'Sale #13', '2025-10-31T21:17:14.877Z');
INSERT INTO inventory_movements (id, productid, type, quantity, previousstock, newstock, reference, timestamp) VALUES (48, 5, 'SALE', -2, 25, 23, 'Sale #13', '2025-10-31T21:17:14.877Z');
INSERT INTO inventory_movements (id, productid, type, quantity, previousstock, newstock, reference, timestamp) VALUES (49, 23, 'SALE', -1, 25, 24, 'Sale #14', '2025-10-31T21:17:14.877Z');
INSERT INTO inventory_movements (id, productid, type, quantity, previousstock, newstock, reference, timestamp) VALUES (50, 13, 'SALE', -3, 19, 16, 'Sale #14', '2025-10-31T21:17:14.877Z');
INSERT INTO inventory_movements (id, productid, type, quantity, previousstock, newstock, reference, timestamp) VALUES (51, 16, 'SALE', -1, 21, 20, 'Sale #14', '2025-10-31T21:17:14.877Z');
INSERT INTO inventory_movements (id, productid, type, quantity, previousstock, newstock, reference, timestamp) VALUES (52, 5, 'SALE', -1, 23, 22, 'Sale #15', '2025-11-02T21:17:14.877Z');
INSERT INTO inventory_movements (id, productid, type, quantity, previousstock, newstock, reference, timestamp) VALUES (53, 26, 'SALE', -2, 22, 20, 'Sale #15', '2025-11-02T21:17:14.877Z');
INSERT INTO inventory_movements (id, productid, type, quantity, previousstock, newstock, reference, timestamp) VALUES (54, 12, 'SALE', -1, 24, 23, 'Sale #16', '2025-11-02T21:17:14.877Z');
INSERT INTO inventory_movements (id, productid, type, quantity, previousstock, newstock, reference, timestamp) VALUES (55, 23, 'SALE', -1, 24, 23, 'Sale #17', '2025-11-02T21:17:14.877Z');
INSERT INTO inventory_movements (id, productid, type, quantity, previousstock, newstock, reference, timestamp) VALUES (56, 14, 'SALE', -1, 19, 18, 'Sale #17', '2025-11-02T21:17:14.877Z');
INSERT INTO inventory_movements (id, productid, type, quantity, previousstock, newstock, reference, timestamp) VALUES (57, 11, 'SALE', -1, 21, 20, 'Sale #17', '2025-11-02T21:17:14.877Z');
INSERT INTO inventory_movements (id, productid, type, quantity, previousstock, newstock, reference, timestamp) VALUES (58, 12, 'SALE', -3, 23, 20, 'Sale #18', '2025-11-03T21:17:14.877Z');
INSERT INTO inventory_movements (id, productid, type, quantity, previousstock, newstock, reference, timestamp) VALUES (59, 22, 'SALE', -2, 6, 4, 'Sale #19', '2025-11-03T21:17:14.877Z');
INSERT INTO inventory_movements (id, productid, type, quantity, previousstock, newstock, reference, timestamp) VALUES (60, 22, 'SALE', -1, 5, 4, 'Sale #19', '2025-11-03T21:17:14.877Z');
INSERT INTO inventory_movements (id, productid, type, quantity, previousstock, newstock, reference, timestamp) VALUES (61, 7, 'SALE', -3, 28, 25, 'Sale #19', '2025-11-03T21:17:14.877Z');
INSERT INTO inventory_movements (id, productid, type, quantity, previousstock, newstock, reference, timestamp) VALUES (62, 26, 'SALE', -3, 20, 17, 'Sale #20', '2025-11-03T21:17:14.877Z');
INSERT INTO inventory_movements (id, productid, type, quantity, previousstock, newstock, reference, timestamp) VALUES (63, 8, 'SALE', -1, 26, 25, 'Sale #20', '2025-11-03T21:17:14.877Z');
INSERT INTO inventory_movements (id, productid, type, quantity, previousstock, newstock, reference, timestamp) VALUES (64, 8, 'SALE', -2, 27, 25, 'Sale #20', '2025-11-03T21:17:14.877Z');
INSERT INTO inventory_movements (id, productid, type, quantity, previousstock, newstock, reference, timestamp) VALUES (65, 10, 'SALE', -2, 12, 10, 'Sale #21', '2025-11-03T21:17:14.877Z');
INSERT INTO inventory_movements (id, productid, type, quantity, previousstock, newstock, reference, timestamp) VALUES (66, 3, 'SALE', -3, 20, 17, 'Sale #22', '2025-11-03T21:17:14.877Z');
INSERT INTO inventory_movements (id, productid, type, quantity, previousstock, newstock, reference, timestamp) VALUES (67, 17, 'SALE', -2, 11, 9, 'Sale #22', '2025-11-03T21:17:14.877Z');
INSERT INTO inventory_movements (id, productid, type, quantity, previousstock, newstock, reference, timestamp) VALUES (68, 17, 'SALE', -2, 11, 9, 'Sale #22', '2025-11-03T21:17:14.877Z');
INSERT INTO inventory_movements (id, productid, type, quantity, previousstock, newstock, reference, timestamp) VALUES (69, 3, 'SALE', -2, 17, 15, 'Sale #23', '2025-11-04T21:17:14.877Z');
INSERT INTO inventory_movements (id, productid, type, quantity, previousstock, newstock, reference, timestamp) VALUES (70, 24, 'SALE', -3, 16, 13, 'Sale #23', '2025-11-04T21:17:14.877Z');
INSERT INTO inventory_movements (id, productid, type, quantity, previousstock, newstock, reference, timestamp) VALUES (71, 26, 'SALE', -1, 17, 16, 'Sale #24', '2025-11-04T21:17:14.877Z');
INSERT INTO inventory_movements (id, productid, type, quantity, previousstock, newstock, reference, timestamp) VALUES (72, 7, 'SALE', -1, 25, 24, 'Sale #24', '2025-11-04T21:17:14.877Z');
INSERT INTO inventory_movements (id, productid, type, quantity, previousstock, newstock, reference, timestamp) VALUES (73, 17, 'SALE', -2, 9, 7, 'Sale #24', '2025-11-04T21:17:14.877Z');
INSERT INTO inventory_movements (id, productid, type, quantity, previousstock, newstock, reference, timestamp) VALUES (74, 14, 'SALE', -2, 18, 16, 'Sale #25', '2025-11-05T21:17:14.877Z');
INSERT INTO inventory_movements (id, productid, type, quantity, previousstock, newstock, reference, timestamp) VALUES (75, 11, 'SALE', -1, 20, 19, 'Sale #25', '2025-11-05T21:17:14.877Z');
INSERT INTO inventory_movements (id, productid, type, quantity, previousstock, newstock, reference, timestamp) VALUES (76, 15, 'SALE', -1, 17, 16, 'Sale #25', '2025-11-05T21:17:14.877Z');
INSERT INTO inventory_movements (id, productid, type, quantity, previousstock, newstock, reference, timestamp) VALUES (77, 18, 'SALE', -3, 18, 15, 'Sale #26', '2025-11-05T21:17:14.877Z');
INSERT INTO inventory_movements (id, productid, type, quantity, previousstock, newstock, reference, timestamp) VALUES (78, 3, 'PURCHASE_CONFIRM', 27, 15, 42, 'Purchase #1', '2025-11-05T21:17:14.877Z');
INSERT INTO inventory_movements (id, productid, type, quantity, previousstock, newstock, reference, timestamp) VALUES (79, 22, 'SALE', -3, 4, 1, 'Sale #27', '2025-11-06T21:17:14.877Z');
INSERT INTO inventory_movements (id, productid, type, quantity, previousstock, newstock, reference, timestamp) VALUES (80, 15, 'SALE', -3, 16, 13, 'Sale #27', '2025-11-06T21:17:14.877Z');
INSERT INTO inventory_movements (id, productid, type, quantity, previousstock, newstock, reference, timestamp) VALUES (81, 23, 'SALE', -3, 23, 20, 'Sale #28', '2025-11-06T21:17:14.877Z');
INSERT INTO inventory_movements (id, productid, type, quantity, previousstock, newstock, reference, timestamp) VALUES (82, 12, 'SALE', -2, 20, 18, 'Sale #28', '2025-11-06T21:17:14.877Z');
INSERT INTO inventory_movements (id, productid, type, quantity, previousstock, newstock, reference, timestamp) VALUES (83, 8, 'SALE', -1, 25, 24, 'Sale #29', '2025-11-06T21:17:14.877Z');
INSERT INTO inventory_movements (id, productid, type, quantity, previousstock, newstock, reference, timestamp) VALUES (84, 19, 'SALE', -2, 27, 25, 'Sale #29', '2025-11-06T21:17:14.877Z');
INSERT INTO inventory_movements (id, productid, type, quantity, previousstock, newstock, reference, timestamp) VALUES (85, 19, 'SALE', -2, 25, 23, 'Sale #30', '2025-11-06T21:17:14.877Z');
INSERT INTO inventory_movements (id, productid, type, quantity, previousstock, newstock, reference, timestamp) VALUES (86, 13, 'SALE', -3, 16, 13, 'Sale #30', '2025-11-06T21:17:14.877Z');
INSERT INTO inventory_movements (id, productid, type, quantity, previousstock, newstock, reference, timestamp) VALUES (87, 13, 'SALE', -3, 13, 10, 'Sale #31', '2025-11-07T21:17:14.877Z');
INSERT INTO inventory_movements (id, productid, type, quantity, previousstock, newstock, reference, timestamp) VALUES (88, 16, 'SALE', -3, 20, 17, 'Sale #31', '2025-11-07T21:17:14.877Z');
INSERT INTO inventory_movements (id, productid, type, quantity, previousstock, newstock, reference, timestamp) VALUES (89, 19, 'SALE', -3, 23, 20, 'Sale #31', '2025-11-07T21:17:14.877Z');
INSERT INTO inventory_movements (id, productid, type, quantity, previousstock, newstock, reference, timestamp) VALUES (90, 19, 'SALE', -3, 20, 17, 'Sale #32', '2025-11-07T21:17:14.877Z');
INSERT INTO inventory_movements (id, productid, type, quantity, previousstock, newstock, reference, timestamp) VALUES (91, 26, 'SALE', -2, 16, 14, 'Sale #32', '2025-11-07T21:17:14.877Z');
INSERT INTO inventory_movements (id, productid, type, quantity, previousstock, newstock, reference, timestamp) VALUES (92, 13, 'PURCHASE_CONFIRM', 23, 10, 33, 'Purchase #2', '2025-11-07T21:17:14.877Z');
INSERT INTO inventory_movements (id, productid, type, quantity, previousstock, newstock, reference, timestamp) VALUES (93, 22, 'PURCHASE_CONFIRM', 19, 1, 20, 'Purchase #3', '2025-11-07T21:17:14.877Z');
INSERT INTO inventory_movements (id, productid, type, quantity, previousstock, newstock, reference, timestamp) VALUES (94, 23, 'SALE', -2, 20, 18, 'Sale #33', '2025-11-08T21:17:14.877Z');
INSERT INTO inventory_movements (id, productid, type, quantity, previousstock, newstock, reference, timestamp) VALUES (95, 10, 'SALE', -3, 10, 7, 'Sale #33', '2025-11-08T21:17:14.877Z');
INSERT INTO inventory_movements (id, productid, type, quantity, previousstock, newstock, reference, timestamp) VALUES (96, 25, 'SALE', -1, 11, 10, 'Sale #34', '2025-11-08T21:17:14.877Z');
INSERT INTO inventory_movements (id, productid, type, quantity, previousstock, newstock, reference, timestamp) VALUES (97, 17, 'SALE', -1, 7, 6, 'Sale #34', '2025-11-08T21:17:14.877Z');
INSERT INTO inventory_movements (id, productid, type, quantity, previousstock, newstock, reference, timestamp) VALUES (98, 7, 'SALE', -1, 24, 23, 'Sale #35', '2025-11-08T21:17:14.877Z');
INSERT INTO inventory_movements (id, productid, type, quantity, previousstock, newstock, reference, timestamp) VALUES (99, 11, 'SALE', -1, 19, 18, 'Sale #35', '2025-11-08T21:17:14.877Z');
INSERT INTO inventory_movements (id, productid, type, quantity, previousstock, newstock, reference, timestamp) VALUES (100, 15, 'SALE', -2, 13, 11, 'Sale #35', '2025-11-08T21:17:14.877Z');
INSERT INTO inventory_movements (id, productid, type, quantity, previousstock, newstock, reference, timestamp) VALUES (101, 13, 'SALE', -1, 33, 32, 'Sale #36', '2025-11-08T21:17:14.877Z');
INSERT INTO inventory_movements (id, productid, type, quantity, previousstock, newstock, reference, timestamp) VALUES (102, 2, 'SALE', -3, 18, 15, 'Sale #36', '2025-11-08T21:17:14.877Z');
INSERT INTO inventory_movements (id, productid, type, quantity, previousstock, newstock, reference, timestamp) VALUES (103, 17, 'PURCHASE_CONFIRM', 18, 6, 24, 'Purchase #4', '2025-11-08T21:17:14.877Z');
INSERT INTO inventory_movements (id, productid, type, quantity, previousstock, newstock, reference, timestamp) VALUES (104, 5, 'SALE', -1, 22, 21, 'Sale #37', '2025-11-09T21:17:14.877Z');
INSERT INTO inventory_movements (id, productid, type, quantity, previousstock, newstock, reference, timestamp) VALUES (105, 20, 'SALE', -1, 10, 9, 'Sale #38', '2025-11-09T21:17:14.877Z');
INSERT INTO inventory_movements (id, productid, type, quantity, previousstock, newstock, reference, timestamp) VALUES (106, 5, 'SALE', -2, 21, 19, 'Sale #39', '2025-11-09T21:17:14.877Z');
INSERT INTO inventory_movements (id, productid, type, quantity, previousstock, newstock, reference, timestamp) VALUES (107, 2, 'SALE', -3, 15, 12, 'Sale #39', '2025-11-09T21:17:14.877Z');
INSERT INTO inventory_movements (id, productid, type, quantity, previousstock, newstock, reference, timestamp) VALUES (108, 19, 'SALE', -2, 17, 15, 'Sale #40', '2025-11-09T21:17:14.877Z');
INSERT INTO inventory_movements (id, productid, type, quantity, previousstock, newstock, reference, timestamp) VALUES (109, 3, 'SALE', -2, 42, 40, 'Sale #40', '2025-11-09T21:17:14.877Z');
INSERT INTO inventory_movements (id, productid, type, quantity, previousstock, newstock, reference, timestamp) VALUES (110, 5, 'SALE', -1, 19, 18, 'Sale #40', '2025-11-09T21:17:14.877Z');
INSERT INTO inventory_movements (id, productid, type, quantity, previousstock, newstock, reference, timestamp) VALUES (111, 21, 'SALE', -3, 25, 22, 'Sale #41', '2025-11-09T21:17:14.877Z');
INSERT INTO inventory_movements (id, productid, type, quantity, previousstock, newstock, reference, timestamp) VALUES (112, 26, 'SALE', -2, 14, 12, 'Sale #41', '2025-11-09T21:17:14.877Z');
INSERT INTO inventory_movements (id, productid, type, quantity, previousstock, newstock, reference, timestamp) VALUES (113, 15, 'SALE', -2, 11, 9, 'Sale #41', '2025-11-09T21:17:14.877Z');
INSERT INTO inventory_movements (id, productid, type, quantity, previousstock, newstock, reference, timestamp) VALUES (114, 10, 'PURCHASE_CONFIRM', 11, 7, 18, 'Purchase #5', '2025-11-09T21:17:14.877Z');
INSERT INTO inventory_movements (id, productid, type, quantity, previousstock, newstock, reference, timestamp) VALUES (115, 26, 'SALE', -1, 12, 11, 'Sale #42', '2025-11-11T21:17:14.877Z');
INSERT INTO inventory_movements (id, productid, type, quantity, previousstock, newstock, reference, timestamp) VALUES (116, 24, 'SALE', -3, 10, 7, 'Sale #42', '2025-11-11T21:17:14.877Z');
INSERT INTO inventory_movements (id, productid, type, quantity, previousstock, newstock, reference, timestamp) VALUES (117, 24, 'SALE', -3, 10, 7, 'Sale #42', '2025-11-11T21:17:14.877Z');
INSERT INTO inventory_movements (id, productid, type, quantity, previousstock, newstock, reference, timestamp) VALUES (118, 21, 'SALE', -1, 22, 21, 'Sale #43', '2025-11-11T21:17:14.877Z');
INSERT INTO inventory_movements (id, productid, type, quantity, previousstock, newstock, reference, timestamp) VALUES (119, 9, 'SALE', -2, 19, 17, 'Sale #43', '2025-11-11T21:17:14.877Z');
INSERT INTO inventory_movements (id, productid, type, quantity, previousstock, newstock, reference, timestamp) VALUES (120, 9, 'SALE', -2, 19, 17, 'Sale #43', '2025-11-11T21:17:14.877Z');
INSERT INTO inventory_movements (id, productid, type, quantity, previousstock, newstock, reference, timestamp) VALUES (121, 8, 'SALE', -2, 24, 22, 'Sale #44', '2025-11-11T21:17:14.877Z');
INSERT INTO inventory_movements (id, productid, type, quantity, previousstock, newstock, reference, timestamp) VALUES (122, 12, 'SALE', -1, 18, 17, 'Sale #44', '2025-11-11T21:17:14.877Z');
INSERT INTO inventory_movements (id, productid, type, quantity, previousstock, newstock, reference, timestamp) VALUES (123, 11, 'SALE', -1, 18, 17, 'Sale #44', '2025-11-11T21:17:14.877Z');
INSERT INTO inventory_movements (id, productid, type, quantity, previousstock, newstock, reference, timestamp) VALUES (124, 9, 'SALE', -2, 17, 15, 'Sale #45', '2025-11-12T21:17:14.877Z');
INSERT INTO inventory_movements (id, productid, type, quantity, previousstock, newstock, reference, timestamp) VALUES (125, 7, 'SALE', -1, 23, 22, 'Sale #45', '2025-11-12T21:17:14.877Z');
INSERT INTO inventory_movements (id, productid, type, quantity, previousstock, newstock, reference, timestamp) VALUES (126, 15, 'SALE', -1, 9, 8, 'Sale #45', '2025-11-12T21:17:14.877Z');
INSERT INTO inventory_movements (id, productid, type, quantity, previousstock, newstock, reference, timestamp) VALUES (127, 24, 'SALE', -3, 7, 4, 'Sale #46', '2025-11-12T21:17:14.877Z');
INSERT INTO inventory_movements (id, productid, type, quantity, previousstock, newstock, reference, timestamp) VALUES (128, 26, 'SALE', -3, 11, 8, 'Sale #46', '2025-11-12T21:17:14.877Z');
INSERT INTO inventory_movements (id, productid, type, quantity, previousstock, newstock, reference, timestamp) VALUES (129, 15, 'SALE', -2, 8, 6, 'Sale #46', '2025-11-12T21:17:14.877Z');
INSERT INTO inventory_movements (id, productid, type, quantity, previousstock, newstock, reference, timestamp) VALUES (130, 12, 'SALE', -2, 17, 15, 'Sale #47', '2025-11-12T21:17:14.877Z');
INSERT INTO inventory_movements (id, productid, type, quantity, previousstock, newstock, reference, timestamp) VALUES (131, 10, 'SALE', -2, 18, 16, 'Sale #47', '2025-11-12T21:17:14.877Z');
INSERT INTO inventory_movements (id, productid, type, quantity, previousstock, newstock, reference, timestamp) VALUES (132, 25, 'SALE', -3, 10, 7, 'Sale #48', '2025-11-12T21:17:14.877Z');
INSERT INTO inventory_movements (id, productid, type, quantity, previousstock, newstock, reference, timestamp) VALUES (133, 2, 'SALE', -2, 12, 10, 'Sale #49', '2025-11-12T21:17:14.877Z');
INSERT INTO inventory_movements (id, productid, type, quantity, previousstock, newstock, reference, timestamp) VALUES (134, 19, 'SALE', -3, 15, 12, 'Sale #50', '2025-11-13T21:17:14.877Z');
INSERT INTO inventory_movements (id, productid, type, quantity, previousstock, newstock, reference, timestamp) VALUES (135, 13, 'SALE', -1, 32, 31, 'Sale #50', '2025-11-13T21:17:14.877Z');
INSERT INTO inventory_movements (id, productid, type, quantity, previousstock, newstock, reference, timestamp) VALUES (136, 18, 'SALE', -3, 15, 12, 'Sale #50', '2025-11-13T21:17:14.877Z');
INSERT INTO inventory_movements (id, productid, type, quantity, previousstock, newstock, reference, timestamp) VALUES (137, 22, 'SALE', -3, 20, 17, 'Sale #51', '2025-11-13T21:17:14.877Z');
INSERT INTO inventory_movements (id, productid, type, quantity, previousstock, newstock, reference, timestamp) VALUES (138, 26, 'SALE', -1, 8, 7, 'Sale #51', '2025-11-13T21:17:14.877Z');
INSERT INTO inventory_movements (id, productid, type, quantity, previousstock, newstock, reference, timestamp) VALUES (139, 8, 'SALE', -1, 22, 21, 'Sale #51', '2025-11-13T21:17:14.877Z');
INSERT INTO inventory_movements (id, productid, type, quantity, previousstock, newstock, reference, timestamp) VALUES (140, 19, 'SALE', -3, 12, 9, 'Sale #52', '2025-11-13T21:17:14.877Z');
INSERT INTO inventory_movements (id, productid, type, quantity, previousstock, newstock, reference, timestamp) VALUES (141, 10, 'SALE', -3, 16, 13, 'Sale #53', '2025-11-13T21:17:14.877Z');
INSERT INTO inventory_movements (id, productid, type, quantity, previousstock, newstock, reference, timestamp) VALUES (142, 13, 'SALE', -3, 29, 26, 'Sale #53', '2025-11-13T21:17:14.877Z');
INSERT INTO inventory_movements (id, productid, type, quantity, previousstock, newstock, reference, timestamp) VALUES (143, 13, 'SALE', -2, 28, 26, 'Sale #53', '2025-11-13T21:17:14.877Z');
INSERT INTO inventory_movements (id, productid, type, quantity, previousstock, newstock, reference, timestamp) VALUES (144, 15, 'SALE', -1, 6, 5, 'Sale #54', '2025-11-15T21:17:14.877Z');
INSERT INTO inventory_movements (id, productid, type, quantity, previousstock, newstock, reference, timestamp) VALUES (145, 26, 'SALE', -3, 7, 4, 'Sale #54', '2025-11-15T21:17:14.877Z');
INSERT INTO inventory_movements (id, productid, type, quantity, previousstock, newstock, reference, timestamp) VALUES (146, 26, 'PURCHASE_CONFIRM', 13, 4, 17, 'Purchase #6', '2025-11-16T21:17:14.877Z');
INSERT INTO inventory_movements (id, productid, type, quantity, previousstock, newstock, reference, timestamp) VALUES (147, 17, 'SALE', -1, 24, 23, 'Sale #55', '2025-11-17T21:17:14.877Z');
INSERT INTO inventory_movements (id, productid, type, quantity, previousstock, newstock, reference, timestamp) VALUES (148, 26, 'SALE', -3, 17, 14, 'Sale #56', '2025-11-17T21:17:14.877Z');
INSERT INTO inventory_movements (id, productid, type, quantity, previousstock, newstock, reference, timestamp) VALUES (149, 5, 'SALE', -1, 18, 17, 'Sale #57', '2025-11-17T21:17:14.877Z');
INSERT INTO inventory_movements (id, productid, type, quantity, previousstock, newstock, reference, timestamp) VALUES (150, 26, 'SALE', -2, 14, 12, 'Sale #57', '2025-11-17T21:17:14.877Z');
INSERT INTO inventory_movements (id, productid, type, quantity, previousstock, newstock, reference, timestamp) VALUES (151, 13, 'SALE', -3, 26, 23, 'Sale #57', '2025-11-17T21:17:14.877Z');
INSERT INTO inventory_movements (id, productid, type, quantity, previousstock, newstock, reference, timestamp) VALUES (152, 16, 'SALE', -2, 17, 15, 'Sale #58', '2025-11-17T21:17:14.877Z');
INSERT INTO inventory_movements (id, productid, type, quantity, previousstock, newstock, reference, timestamp) VALUES (153, 2, 'SALE', -2, 10, 8, 'Sale #58', '2025-11-17T21:17:14.877Z');
INSERT INTO inventory_movements (id, productid, type, quantity, previousstock, newstock, reference, timestamp) VALUES (154, 13, 'SALE', -1, 23, 22, 'Sale #58', '2025-11-17T21:17:14.877Z');
INSERT INTO inventory_movements (id, productid, type, quantity, previousstock, newstock, reference, timestamp) VALUES (155, 18, 'SALE', -2, 12, 10, 'Sale #59', '2025-11-17T21:17:14.877Z');
INSERT INTO inventory_movements (id, productid, type, quantity, previousstock, newstock, reference, timestamp) VALUES (156, 9, 'SALE', -3, 15, 12, 'Sale #59', '2025-11-17T21:17:14.877Z');
INSERT INTO inventory_movements (id, productid, type, quantity, previousstock, newstock, reference, timestamp) VALUES (157, 14, 'SALE', -3, 16, 13, 'Sale #59', '2025-11-17T21:17:14.877Z');
INSERT INTO inventory_movements (id, productid, type, quantity, previousstock, newstock, reference, timestamp) VALUES (158, 18, 'SALE', -2, 10, 8, 'Sale #60', '2025-11-18T21:17:14.877Z');
INSERT INTO inventory_movements (id, productid, type, quantity, previousstock, newstock, reference, timestamp) VALUES (159, 26, 'SALE', -3, 12, 9, 'Sale #60', '2025-11-18T21:17:14.877Z');
INSERT INTO inventory_movements (id, productid, type, quantity, previousstock, newstock, reference, timestamp) VALUES (160, 22, 'SALE', -2, 17, 15, 'Sale #61', '2025-11-18T21:17:14.877Z');
INSERT INTO inventory_movements (id, productid, type, quantity, previousstock, newstock, reference, timestamp) VALUES (161, 13, 'SALE', -2, 22, 20, 'Sale #61', '2025-11-18T21:17:14.877Z');
INSERT INTO inventory_movements (id, productid, type, quantity, previousstock, newstock, reference, timestamp) VALUES (162, 2, 'SALE', -3, 8, 5, 'Sale #61', '2025-11-18T21:17:14.877Z');
INSERT INTO inventory_movements (id, productid, type, quantity, previousstock, newstock, reference, timestamp) VALUES (163, 9, 'SALE', -1, 12, 11, 'Sale #62', '2025-11-18T21:17:14.877Z');
INSERT INTO inventory_movements (id, productid, type, quantity, previousstock, newstock, reference, timestamp) VALUES (164, 15, 'SALE', -1, 5, 4, 'Sale #62', '2025-11-18T21:17:14.877Z');
INSERT INTO inventory_movements (id, productid, type, quantity, previousstock, newstock, reference, timestamp) VALUES (165, 26, 'SALE', -3, 9, 6, 'Sale #63', '2025-11-19T21:17:14.877Z');
INSERT INTO inventory_movements (id, productid, type, quantity, previousstock, newstock, reference, timestamp) VALUES (166, 6, 'SALE', -1, 24, 23, 'Sale #63', '2025-11-19T21:17:14.877Z');
INSERT INTO inventory_movements (id, productid, type, quantity, previousstock, newstock, reference, timestamp) VALUES (167, 16, 'SALE', -2, 15, 13, 'Sale #63', '2025-11-19T21:17:14.877Z');
INSERT INTO inventory_movements (id, productid, type, quantity, previousstock, newstock, reference, timestamp) VALUES (168, 15, 'SALE', -2, 4, 2, 'Sale #64', '2025-11-19T21:17:14.877Z');
INSERT INTO inventory_movements (id, productid, type, quantity, previousstock, newstock, reference, timestamp) VALUES (169, 16, 'SALE', -2, 13, 11, 'Sale #64', '2025-11-19T21:17:14.877Z');
INSERT INTO inventory_movements (id, productid, type, quantity, previousstock, newstock, reference, timestamp) VALUES (170, 17, 'SALE', -1, 23, 22, 'Sale #64', '2025-11-19T21:17:14.877Z');
INSERT INTO inventory_movements (id, productid, type, quantity, previousstock, newstock, reference, timestamp) VALUES (171, 7, 'SALE', -3, 22, 19, 'Sale #65', '2025-11-19T21:17:14.877Z');
INSERT INTO inventory_movements (id, productid, type, quantity, previousstock, newstock, reference, timestamp) VALUES (172, 6, 'SALE', -2, 23, 21, 'Sale #65', '2025-11-19T21:17:14.877Z');
INSERT INTO inventory_movements (id, productid, type, quantity, previousstock, newstock, reference, timestamp) VALUES (173, 15, 'SALE', -1, 2, 1, 'Sale #66', '2025-11-19T21:17:14.877Z');
INSERT INTO inventory_movements (id, productid, type, quantity, previousstock, newstock, reference, timestamp) VALUES (174, 2, 'PURCHASE_CONFIRM', 20, 5, 25, 'Purchase #7', '2025-11-19T21:17:14.877Z');
INSERT INTO inventory_movements (id, productid, type, quantity, previousstock, newstock, reference, timestamp) VALUES (175, 15, 'PURCHASE_CONFIRM', 25, 1, 26, 'Purchase #8', '2025-11-19T21:17:14.877Z');
INSERT INTO inventory_movements (id, productid, type, quantity, previousstock, newstock, reference, timestamp) VALUES (176, 18, 'SALE', -2, 8, 6, 'Sale #67', '2025-11-20T21:17:14.877Z');
INSERT INTO inventory_movements (id, productid, type, quantity, previousstock, newstock, reference, timestamp) VALUES (177, 5, 'SALE', -3, 17, 14, 'Sale #68', '2025-11-20T21:17:14.877Z');
INSERT INTO inventory_movements (id, productid, type, quantity, previousstock, newstock, reference, timestamp) VALUES (178, 15, 'SALE', -3, 26, 23, 'Sale #68', '2025-11-20T21:17:14.877Z');
INSERT INTO inventory_movements (id, productid, type, quantity, previousstock, newstock, reference, timestamp) VALUES (179, 10, 'SALE', -1, 13, 12, 'Sale #68', '2025-11-20T21:17:14.877Z');
INSERT INTO inventory_movements (id, productid, type, quantity, previousstock, newstock, reference, timestamp) VALUES (180, 9, 'SALE', -2, 11, 9, 'Sale #69', '2025-11-20T21:17:14.877Z');
INSERT INTO inventory_movements (id, productid, type, quantity, previousstock, newstock, reference, timestamp) VALUES (181, 19, 'SALE', -1, 9, 8, 'Sale #69', '2025-11-20T21:17:14.877Z');
INSERT INTO inventory_movements (id, productid, type, quantity, previousstock, newstock, reference, timestamp) VALUES (182, 10, 'SALE', -3, 12, 9, 'Sale #69', '2025-11-20T21:17:14.877Z');
INSERT INTO inventory_movements (id, productid, type, quantity, previousstock, newstock, reference, timestamp) VALUES (183, 11, 'SALE', -3, 17, 14, 'Sale #70', '2025-11-22T21:17:14.877Z');
INSERT INTO inventory_movements (id, productid, type, quantity, previousstock, newstock, reference, timestamp) VALUES (184, 2, 'SALE', -3, 25, 22, 'Sale #71', '2025-11-22T21:17:14.877Z');
INSERT INTO inventory_movements (id, productid, type, quantity, previousstock, newstock, reference, timestamp) VALUES (185, 21, 'SALE', -1, 21, 20, 'Sale #72', '2025-11-22T21:17:14.877Z');
INSERT INTO inventory_movements (id, productid, type, quantity, previousstock, newstock, reference, timestamp) VALUES (186, 2, 'SALE', -2, 22, 20, 'Sale #72', '2025-11-22T21:17:14.877Z');
INSERT INTO inventory_movements (id, productid, type, quantity, previousstock, newstock, reference, timestamp) VALUES (187, 10, 'SALE', -3, 9, 6, 'Sale #73', '2025-11-24T21:17:14.877Z');
INSERT INTO inventory_movements (id, productid, type, quantity, previousstock, newstock, reference, timestamp) VALUES (188, 1, 'SALE', -2, 15, 13, 'Sale #74', '2025-11-24T21:17:14.877Z');
INSERT INTO inventory_movements (id, productid, type, quantity, previousstock, newstock, reference, timestamp) VALUES (189, 3, 'SALE', -1, 40, 39, 'Sale #75', '2025-11-24T21:17:14.877Z');
INSERT INTO inventory_movements (id, productid, type, quantity, previousstock, newstock, reference, timestamp) VALUES (190, 26, 'SALE', -3, 6, 3, 'Sale #75', '2025-11-24T21:17:14.877Z');
INSERT INTO inventory_movements (id, productid, type, quantity, previousstock, newstock, reference, timestamp) VALUES (191, 9, 'SALE', -2, 9, 7, 'Sale #75', '2025-11-24T21:17:14.877Z');
INSERT INTO inventory_movements (id, productid, type, quantity, previousstock, newstock, reference, timestamp) VALUES (192, 10, 'PURCHASE_CONFIRM', 17, 6, 23, 'Purchase #9', '2025-11-24T21:17:14.877Z');
INSERT INTO inventory_movements (id, productid, type, quantity, previousstock, newstock, reference, timestamp) VALUES (193, 26, 'PURCHASE_CONFIRM', 18, 3, 21, 'Purchase #10', '2025-11-24T21:17:14.877Z');
INSERT INTO inventory_movements (id, productid, type, quantity, previousstock, newstock, reference, timestamp) VALUES (194, 3, 'SALE', -1, 39, 38, 'Sale #76', '2025-11-25T21:17:14.877Z');
INSERT INTO inventory_movements (id, productid, type, quantity, previousstock, newstock, reference, timestamp) VALUES (195, 14, 'SALE', -1, 13, 12, 'Sale #76', '2025-11-25T21:17:14.877Z');
INSERT INTO inventory_movements (id, productid, type, quantity, previousstock, newstock, reference, timestamp) VALUES (196, 9, 'SALE', -1, 7, 6, 'Sale #76', '2025-11-25T21:17:14.877Z');
INSERT INTO inventory_movements (id, productid, type, quantity, previousstock, newstock, reference, timestamp) VALUES (197, 22, 'SALE', -2, 15, 13, 'Sale #77', '2025-11-25T21:17:14.877Z');

COMMIT;
